Date,Rainfall_S_Piero,Rainfall_Mangona,Rainfall_S_Agata,Rainfall_Cavallina,Rainfall_Le_Croci,Temperature_Le_Croci,Lake_Level,Flow_Rate
01/01/2015,0,4,0,0,0,2.2,249.67,1
02/01/2015,0,0.2,0,0,0,7.3,249.67,1
03/01/2015,0,0,0,0,0,6.1,249.68,1
04/01/2015,0,0,0,0,0,11.35,249.7,1
05/01/2015,0,0,0,0,0,7,249.72,1
06/01/2015,0,0,0,0,0,5.35,249.73,1
07/01/2015,0,0,0,0,0,5.55,249.74,1
08/01/2015,0,0,0,0,0,7.75,249.75,1
09/01/2015,0,0,0,0,0,8.8,249.76,1
10/01/2015,0,0.6,0.4,0,0.2,9.3,249.76,1
11/01/2015,0.8,1.2,1,0.4,0.8,10.15,249.77,1
12/01/2015,0,0,0,0,0,6.95,249.78,1
13/01/2015,0,0,0,0,0,8,249.78,1
14/01/2015,0.4,0.8,0,0.2,1.2,7.8,249.77,1
15/01/2015,0,0.2,0,0,0.2,9.55,249.77,1
16/01/2015,1.4,3.4,1.2,1.6,1.4,9,249.77,1
17/01/2015,5,9.4,2.2,4.8,5.4,9.5,249.77,1
18/01/2015,0,0,0,0,0,6.8,249.78,1
19/01/2015,0,0,0,0,0.2,3.95,249.79,0.6
20/01/2015,0,0,0.2,0,0.4,5.65,249.79,0.6
21/01/2015,3.4,11,6.2,5.8,6,6.7,249.78,0.6
22/01/2015,1.8,5.4,2.4,3.2,2.2,6.65,249.81,0.6
23/01/2015,0,1.4,1,0,0,6.4,249.82,0.6
24/01/2015,0,0,0,0,0,8.2,249.84,0.6
25/01/2015,0.2,0.6,0.8,0,0.6,6.15,249.85,0.6
26/01/2015,0.2,0,0,0,0,4.7,249.86,0.6
27/01/2015,0,0,0,0,0,1.9,249.88,0.6
28/01/2015,0,0,0,0,0,3.85,249.89,0.6
29/01/2015,18.8,15.4,15.4,23,21.4,1,249.9,0.6
30/01/2015,31,39.6,24.4,41.6,34,3.6,250.53,5.5
31/01/2015,0.2,0.8,0.2,0.2,0.6,1.15,250.81,5.5
01/02/2015,1.2,2.4,1,0.4,1,3.7,250.82,5.5
02/02/2015,0,0.2,0.2,0,0.2,1.4,250.81,5.5
03/02/2015,2,7,2.6,4.8,3.4,2.1,250.77,5.5
04/02/2015,1.2,0.6,1,0.8,1.2,4.6,250.73,5.5
05/02/2015,28.8,25.8,21,33.6,32.8,2.9,250.76,7.2
06/02/2015,4.8,3.4,13.8,2.2,1.8,1.2,251.08,7.2
07/02/2015,0,0,0,0,0,2.45,251.1,7.2
08/02/2015,0.2,0,0,0,0,2.9,251.07,7.2
09/02/2015,0,0,0.2,0,0.2,3.2,251,5.5
10/02/2015,0,0,0,0,0,5.7,250.97,5.5
11/02/2015,0.2,0,0,0,0,8.6,250.93,2.5
12/02/2015,0,0,0,0,0,8.55,250.93,2.5
13/02/2015,0,0,0,0,0,6.2,250.94,2.5
14/02/2015,0.2,5.4,2.6,4,2.2,6.85,250.95,2.5
15/02/2015,3.6,6,4.8,2.2,1.6,6.75,250.97,2.5
16/02/2015,0.2,0,0,0,0,7.9,250.98,2.5
17/02/2015,0,0,0,0,0,8.4,250.99,2.5
18/02/2015,0,0,0,0,0,5.9,250.99,2.5
19/02/2015,0,0,0,0,0,7.8,250.99,2.5
20/02/2015,0,0,0,0,0,4.75,250.98,2.5
21/02/2015,9.6,12.8,9.2,10.2,9.4,5.45,251.06,2.5
22/02/2015,10.4,8.8,10.2,9.6,7.2,5.7,251.1,2.5
23/02/2015,0,0.2,0,0,0,9.1,251.12,2.5
24/02/2015,1.4,3.8,3.8,1.2,2,5.95,251.14,2.5
25/02/2015,0.4,3,8.2,0.6,0.2,6,251.14,2.5
26/02/2015,0,0,0,0,0,7,251.16,2.5
27/02/2015,0.2,0.2,0,0.4,0.2,8.35,251.16,7.2
28/02/2015,0,0,0,0,0,8.6,251.08,7.2
01/03/2015,0.8,1,0.4,0.2,1,6.5,250.98,7.2
02/03/2015,10.8,13.2,11.2,8,16.4,9.15,250.89,7.2
03/03/2015,0,0,0,0,0,11.6,250.91,7.2
04/03/2015,11.6,15.8,15.8,10.2,12.6,6.9,250.85,7.2
05/03/2015,6,10.6,15.8,3.8,3.2,4.55,250.98,3.35
06/03/2015,0,0,0,0,0,6.2,251.06,7.2
07/03/2015,0,0,0,0,0,6.3,251.02,7.2
08/03/2015,0,0,0,0,0,6.55,250.98,7.2
09/03/2015,0,0,0,0,0,6.7,250.89,7.2
10/03/2015,0,0,0,0,0,10.1,250.81,2.5
11/03/2015,0,0,0,0,0,7.25,250.8,2.5
12/03/2015,0.2,0,0.8,0,0,8.15,250.8,2.5
13/03/2015,0,0,0,0,0,7.7,250.78,2.5
14/03/2015,0,0,0,0,0,7.7,250.76,2.5
15/03/2015,2.8,4,2.6,2.2,3,8.9,250.75,2.5
16/03/2015,15.8,14.6,13.4,13.8,15,7.45,250.74,2.5
17/03/2015,10,11.2,7.8,8.6,11.2,9.45,250.8,2.5
18/03/2015,0.2,0,0,0,0,11,250.85,2.5
19/03/2015,0,0,0,0,0,10.85,250.86,2.5
20/03/2015,0,0,0,0,0,11.55,250.86,2.5
21/03/2015,1.2,0,0,0,0,9,250.85,2.5
22/03/2015,0,0.8,1.4,0,0,10.15,250.83,2.5
23/03/2015,0,0,0,0,0,11.6,250.82,1
24/03/2015,0.6,0.6,0.2,0.2,0.6,10.4,250.82,1
25/03/2015,21.6,24.8,16.2,25.2,27.6,10.75,250.83,1
26/03/2015,20.2,41.8,18.6,18,17,11.25,251.33,7.2
27/03/2015,3,4.2,6.8,0.8,1.4,8.85,251.57,7.2
28/03/2015,0,0,0,0,0,12.25,251.57,7.2
29/03/2015,0,0,0,0,0,11,251.55,7.2
30/03/2015,0,0,0,0,0,11.2,251.47,7.2
31/03/2015,0,0,0,0,0,11.65,251.4,7.2
01/04/2015,0,0,0,0,0,13.35,251.33,7.2
02/04/2015,0,0,0,0,0,11.7,251.23,7.2
03/04/2015,0,0,0,0,0,10.7,251.14,5.4
04/04/2015,23.8,26.6,22.8,25.6,31.6,7.75,251.08,5.4
05/04/2015,1.4,4.2,6,0.4,0.8,6.1,251.18,5.4
06/04/2015,0,0,0,0,0,6.85,251.2,5.4
07/04/2015,0,0,0,0,0,5.95,251.17,5.4
08/04/2015,0,0,0,0,0,8.35,251.13,5.4
09/04/2015,0,0,0,0,0,12.35,251.08,1.5
10/04/2015,0,0,0,0,0,13,251.08,1.5
11/04/2015,0,0,0,0,0,10.8,251.1,1.5
12/04/2015,0,0,0,0,0,13.9,251.12,1.5
13/04/2015,0,0,0,0,0,15.7,251.12,1.5
14/04/2015,0,0,0,0,0,14.55,251.12,1.5
15/04/2015,0,0,0,0,0,16.1,251.12,1.5
16/04/2015,0,0,0,0,0,14.65,251.12,1.5
17/04/2015,0.2,2,0.4,0.4,1,13.65,251.13,1.5
18/04/2015,0,2.2,1,0,0.4,12.2,251.13,1.5
19/04/2015,0,0,0,0,0,10.15,251.12,1.5
20/04/2015,0,0,0.2,0,0,13.4,251.11,1
21/04/2015,0,0,0,0,0,16.1,251.11,1
22/04/2015,0,0,0,0,0,14.85,251.11,1
23/04/2015,2.2,0,0.2,0,0.2,14,251.11,1
24/04/2015,0,0,0,0,0.2,13.5,251.11,1
25/04/2015,0,0,0,0,0,13.3,251.11,1
26/04/2015,5.8,6.4,5.2,5.4,7.6,15.8,251.1,1
27/04/2015,20.2,30.8,19,22,21.4,11.95,251.09,1
28/04/2015,10.2,8.6,9.4,21.4,14.8,11.5,251.17,1
29/04/2015,10.6,6.8,20.2,6.6,5,15.25,251.26,1
30/04/2015,0.2,0,2,0.2,0.2,13,251.38,1
01/05/2015,0,0.2,0.4,0,0,13.05,251.4,1
02/05/2015,1,2.4,2,1.2,2,14.85,251.43,1
03/05/2015,0,0.8,0,0,0,15.9,251.46,1
04/05/2015,0,0,0,0,0,19.45,251.47,1
05/05/2015,0,0,0,0,0,20.05,251.48,1
06/05/2015,0,0,0,0,0,17.55,251.49,1
07/05/2015,0,0,0,0,0,18.15,251.49,1
08/05/2015,0,0.2,0,0,0,16.1,251.49,1
09/05/2015,0,0,0,0,0,16.85,251.49,1
10/05/2015,0,0,0,0,0,19.95,251.49,1
11/05/2015,0,0,0,0,0,19.3,251.49,1
12/05/2015,0,0,0,0,0,19.85,251.49,1
13/05/2015,0,0,0,0,0,17,251.49,1
14/05/2015,0,0,0,0,0,18.1,251.49,1
15/05/2015,3.2,16.4,4.2,7.4,10.4,14.9,251.48,1
16/05/2015,2.6,2.4,2.4,2.8,1.6,14.45,251.46,1
17/05/2015,0,0,0,0,0.2,19.95,251.44,1
18/05/2015,0,0,0,0,0,22.25,251.43,0.6
19/05/2015,0,0,0,0,0,17.85,251.43,0.6
20/05/2015,11.4,8,7.4,10.8,20.8,14.5,251.43,0.6
21/05/2015,6.6,10.6,14.4,5.4,5.6,12.65,251.44,0.6
22/05/2015,3,10.2,11.4,2.6,4.4,10.9,251.45,0.6
23/05/2015,6.2,6.6,6,9,6.2,12.2,251.48,0.6
24/05/2015,1.2,0.2,0.2,0.6,0.6,13.85,251.49,0.6
25/05/2015,0,0,0,0,0,14.9,251.49,0.6
26/05/2015,10.2,0,6,37.2,3.6,15.4,251.48,0.6
27/05/2015,0.4,2.6,1,0.6,0.4,14.4,251.54,0.6
28/05/2015,0,0,0,0,0,15.15,251.55,0.6
29/05/2015,0,0,0,0,0,16.2,251.54,0.6
30/05/2015,0,0,0,0,0,16.55,251.54,0.6
31/05/2015,0,0,0,0,0,17.55,251.53,0.6
01/06/2015,0,0,0,0,0,18.7,251.52,0.6
02/06/2015,0,0,0,0,0,19.25,251.52,0.6
03/06/2015,0,0,0,0,0,20.5,251.51,0.6
04/06/2015,0,0,0,0,0,22.7,251.51,0.6
05/06/2015,0,0,0,0,0,24.2,251.51,0.6
06/06/2015,0,0,0,0,0,24.55,251.51,0.6
07/06/2015,0,0,0,0,0,23.8,251.51,0.6
08/06/2015,0,0,0,0,0,22.9,251.51,0.6
09/06/2015,0,0,0,0,0,20.35,251.51,0.6
10/06/2015,0,0,0,0,23,21.6,251.51,0.6
11/06/2015,7.6,0.4,0.2,4.2,0,22.55,251.51,0.6
12/06/2015,0.2,0,0.2,0,0,21.05,251.51,0.6
13/06/2015,0,0,0,0,0,21.7,251.51,0.6
14/06/2015,1.8,9.8,1.8,16.6,23.8,20.1,251.5,0.6
15/06/2015,1.2,11.2,4.4,6.4,0.8,20,251.5,0.6
16/06/2015,0.4,0.4,33.2,0.2,0,19.8,251.51,0.6
17/06/2015,16.4,7,14,26.2,3.4,17.2,251.51,0.6
18/06/2015,0,0,0,0,0,17.9,251.51,0.6
19/06/2015,0,0.4,0.2,0,0,18.6,251.51,0.6
20/06/2015,1.2,2.4,0.6,1.6,2.6,20,251.5,0.6
21/06/2015,0,0,0,0,0,19.4,251.49,1
22/06/2015,0,0,0,0,0,18.8,251.48,1
23/06/2015,0,0.8,0,0,0,21.45,251.47,1
24/06/2015,12.6,6,9.6,18.4,17.6,17.6,251.46,1
25/06/2015,0,0,0,0,0,20.4,251.45,1
26/06/2015,0,0,0,0,0,21.95,251.42,1
27/06/2015,0,0,1.8,0.2,0,21.15,251.4,1
28/06/2015,0,0,0,0,0,22.05,251.38,1
29/06/2015,0,0,0,0,0,22.25,251.36,1
30/06/2015,0,0,0,0,0,23.4,251.34,0.6
01/07/2015,0,0,0,0,0,24.7,251.32,0.6
02/07/2015,0,0,0,0,0,25.65,251.31,0.6
03/07/2015,0,0,0,0,0,26.15,251.3,0.6
04/07/2015,0,0,0,0,0,26.45,251.28,0.6
05/07/2015,0,0,0,0,0,27.5,251.27,0.6
06/07/2015,0,0,0,0,0,26.05,251.26,1
07/07/2015,0,0,0.2,0,0,26.45,251.24,1
08/07/2015,0,0,0,0,0,24.9,251.22,1
09/07/2015,0,0,0,0,0,23.8,251.19,1.5
10/07/2015,0,0,0,0,0,24.1,251.16,1.5
11/07/2015,0,0,0,0,0,23.6,251.12,1.5
12/07/2015,0.4,0,0,0,0,24.95,251.08,1.5
13/07/2015,0,0,0,0,0,23.75,251.04,2
14/07/2015,0,0,0,0,0,25.85,251.01,2
15/07/2015,0,0,0,0,0,27.2,250.97,2
16/07/2015,0,0,0,0,0,27.75,250.93,2
17/07/2015,0,0,0,0,0,27.15,250.89,2
18/07/2015,0,0,0,0,0,26.7,250.85,2
19/07/2015,0,0,0,0,0,25.95,250.81,2
20/07/2015,0,0,0,0,0,26.5,250.78,2
21/07/2015,0,0,0,0,0,28,250.73,2
22/07/2015,0,0.2,1.6,0,0,27.8,250.68,2
23/07/2015,0,0,0,0,0,25.95,250.63,3
24/07/2015,21,0,0.4,0,0,27.05,250.58,3
25/07/2015,3.4,4.2,3,4,3.4,21.7,250.52,3
26/07/2015,0,0,0,0,0,24.55,250.46,3
27/07/2015,0,0.2,0,0,0,23.35,250.39,3
28/07/2015,0,0,0,0,0,23.4,250.33,3
29/07/2015,0,0,0,0,0,23.05,250.27,3
30/07/2015,0,0,0,0,0,25.05,250.2,3
31/07/2015,0,0,0,0,0,22.65,250.14,3
01/08/2015,19.4,14.2,15.4,27,32.8,23.6,250.09,3
02/08/2015,0,0.2,0.2,0.2,0.2,23.25,250.05,3
03/08/2015,0,0,0,0,0,25.5,250.01,3
04/08/2015,0,0,0,0,0,26.8,249.96,3
05/08/2015,0,0,0,0,0,26.7,249.89,3
06/08/2015,0,0,0,0,0,28.35,249.83,3
07/08/2015,0,0,0,0,0,29.9,249.74,3
08/08/2015,0,0,0,0,0,28.85,249.67,3
09/08/2015,0.2,2.2,0,8.2,24.4,27.15,249.62,3
10/08/2015,7.8,6.8,26.2,12.4,6.4,20.3,249.58,3
11/08/2015,0.2,0.2,0,0,0,24.4,249.55,1.5
12/08/2015,0,0,0,0,0,28,249.53,1.5
13/08/2015,0,0,0,0,0,27.45,249.49,1.5
14/08/2015,0,0,0,0,0,25.1,249.43,2.5
15/08/2015,8,0,5,0,0,22.1,249.38,2.5
16/08/2015,2.2,0,1.6,0,0.2,20.6,249.33,2.5
17/08/2015,0,0,0,0,0,19.4,249.27,2.5
18/08/2015,0,0,0,0,0,21.1,249.23,2.5
19/08/2015,6.6,20.6,21.6,23,13.4,19.3,249.17,2.5
20/08/2015,0.2,0,0.2,0,0,19.5,249.13,2.5
21/08/2015,0,0,0,0,0,21.45,249.07,2.5
22/08/2015,0,0,0,0,0,20.8,249.03,2.5
23/08/2015,0,0,0,0,0,20.8,248.97,2.5
24/08/2015,24.4,20.2,27.2,37.8,39,19.6,248.92,2.5
25/08/2015,1.8,2.2,0.6,0.4,1.2,21.15,248.92,2.5
26/08/2015,0,0,0,0,0,21,248.87,2.5
27/08/2015,0,0,0,0,0,23.3,248.82,2.5
28/08/2015,0,0,0,0,0,23.95,248.77,2.5
29/08/2015,0,0,0,0,0,26.1,248.72,2.5
30/08/2015,0,0,0,0,0,25.85,248.67,2.5
31/08/2015,0,0,0,0,0,24.6,248.61,2.5
01/09/2015,0,0,0,0,0,22.95,248.55,2.5
02/09/2015,0,0,0,0,0,21.55,248.51,2.5
03/09/2015,0,0,0,0,0,20.65,248.45,2.5
04/09/2015,0,0,0.8,2.4,1,21.6,248.4,2.5
05/09/2015,0,0,0,0,0,19.45,248.36,2.5
06/09/2015,0,0,0,0,0,18.75,248.31,2.5
07/09/2015,0,0,0,0,0,20,248.25,2.5
08/09/2015,0,0,0,0,0,19.8,248.18,2.5
09/09/2015,0,0,0,0,0,18.7,248.11,2.5
10/09/2015,0,0,0,0,0,18.6,248.07,2.5
11/09/2015,0,0,0,0,0,18.6,248,2.5
12/09/2015,0,0,0,0,0,18.75,247.95,2.5
13/09/2015,6.2,12.6,6,6.4,8.6,16.65,247.9,2.5
14/09/2015,0.2,11.6,0,2.4,0.2,20.35,247.84,2.5
15/09/2015,0,0,0,0.2,0.2,20.8,247.79,2.5
16/09/2015,4.4,0.2,8.4,3.2,3.4,22.75,247.75,2.5
17/09/2015,0,0,0,0,0,24.8,247.7,2.5
18/09/2015,0.4,0,0.2,0,0,20.85,247.66,2.5
19/09/2015,0,0,0,0,0,17.9,247.6,2.5
20/09/2015,1.2,0,0,0,0,16.65,247.55,2.5
21/09/2015,0.2,0,0,0,0,19.3,247.5,2.5
22/09/2015,0,0,0,0,0,16.55,247.45,2.5
23/09/2015,10.6,28.4,11.8,28.2,15.4,14.65,247.4,2.5
24/09/2015,0,0,0,0,0,13.35,247.35,2.5
25/09/2015,0,0,0,0,0,16.65,247.3,2.5
26/09/2015,0,0,0,0,0,17.6,247.25,2.5
27/09/2015,0,0,0,0,0,17,247.2,2.5
28/09/2015,0,0,0,0,0,15,247.15,2.5
29/09/2015,0,0,0,0,0,14.5,247.1,2.5
30/09/2015,0,0,0,0,0,13.2,247.05,2.5
01/10/2015,3.4,3.8,1.6,2.4,6.8,11.5,246.98,2.5
02/10/2015,8.4,7.6,5.6,5.2,6,15.5,246.93,2.5
03/10/2015,0.2,0.8,0.4,0.8,0.8,16.5,246.89,2.5
04/10/2015,26.4,21.2,23,48.6,27,15.4,246.86,2.5
05/10/2015,8,1.6,20.6,6.2,7.8,18.95,246.86,2.5
06/10/2015,1,2,2.8,1,2,18.3,246.82,2.5
07/10/2015,3.6,2.8,3.8,8.6,7.6,18.55,246.78,2.5
08/10/2015,0,0,0,0,0,17.45,246.73,2.5
09/10/2015,0,0,0,0,0,15.65,246.68,2.5
10/10/2015,9.8,9.6,10.6,7.6,13.4,13.75,246.65,2.5
11/10/2015,0.2,0,0.4,0,0,15.3,246.6,2.5
12/10/2015,1.2,0.8,0.6,0.4,1.2,12.95,246.56,2.5
13/10/2015,35.4,76.4,54.6,51.4,38.2,15.15,246.5,2.5
14/10/2015,12.6,54.8,19,16.2,22.4,14.3,246.75,2.5
15/10/2015,4.4,10,1.4,3,4.4,11.95,247.11,2.5
16/10/2015,10.8,10.4,11.2,15.8,15,9.95,247.17,2.5
17/10/2015,0.6,0.2,0.6,0.4,0.4,10.75,247.21,2.5
18/10/2015,1.6,1.8,3.2,1.8,2.4,10.9,247.2,2.5
19/10/2015,3.4,1.2,2.2,2.2,3,13.25,247.18,2.5
20/10/2015,0.2,0,0,0,0,12.65,247.14,2.5
21/10/2015,0,0,0,0,0,11.6,247.11,2.5
22/10/2015,0,0,0,0,0,10.45,247.06,2.5
23/10/2015,0,0,0,0,0,13.05,247.01,2.5
24/10/2015,0,0,0,0,0,15.1,246.97,2.5
25/10/2015,0,0,0,0,0,11.8,246.93,2.5
26/10/2015,0.2,0,0,0,0,12.65,246.88,2.5
27/10/2015,0,0,0,0,0,11.25,246.83,2.5
28/10/2015,45.6,46,120.2,29,42.4,12.9,246.8,1
29/10/2015,29.2,19.2,21.2,13.8,22.6,13.85,247.13,1
30/10/2015,0,0.2,0,0,0,14.35,247.3,1
31/10/2015,2,0,0,0,0,12.55,247.37,1
01/11/2015,0,0,0,0,0,12.1,247.4,1
02/11/2015,0,0,0,0,0,12.15,247.4,1
03/11/2015,0,0,0,0,0,11.6,247.4,1
04/11/2015,0,0,0,0,0,14.35,247.4,1
05/11/2015,0,0,0,0,0,15,247.38,1
06/11/2015,0,0,0,0,0,15.6,247.36,1
07/11/2015,0.2,0,0,0,0.2,16.25,247.34,1
08/11/2015,0.2,0,0,0,0,15.3,247.33,1
09/11/2015,0,0,0,0,0,10.4,247.32,1
10/11/2015,0.2,0,0,0,0,14.4,247.31,1
11/11/2015,0,0,0,0,0,12.1,247.3,1
12/11/2015,0,0,0,0,0.2,12.2,247.29,1
13/11/2015,0.2,0.4,0.2,0,0.2,9,247.28,1
14/11/2015,0,0,0,0,0,14,247.26,1
15/11/2015,0,0,0,0,0,11.5,247.25,1
16/11/2015,0,0,0,0,0,13.3,247.24,1
17/11/2015,0,0,0,0,0,11.2,247.22,1
18/11/2015,0,0,0,0,0,12.95,247.2,1
19/11/2015,0,0,0,0,0,12.25,247.18,1
20/11/2015,2,4,4,5.6,5.6,12.7,247.16,1
21/11/2015,29.2,25.2,20.8,31.8,34.6,8.5,247.16,1
22/11/2015,3.2,5,6.2,4.2,3.2,4.8,247.33,1
23/11/2015,1.6,2,0.6,2.2,3.8,3.3,247.38,1
24/11/2015,0.2,0,0,0,0,5.15,247.4,1
25/11/2015,0,0,0,0,0,3.7,247.42,1
26/11/2015,0.2,0.6,0.8,0,0.2,3.7,247.41,1
27/11/2015,0,0,0,0,0,6.1,247.4,1
28/11/2015,0,0,0,0,0,5.1,247.4,1
29/11/2015,0,0,0,0,0,6.15,247.39,1
30/11/2015,0.2,0,0,0,0,8.35,247.38,1
01/12/2015,0,0,0,0,0,10.5,247.37,1
02/12/2015,0,0,0,0,0,10.45,247.35,1
03/12/2015,0,0,0,0,0,8.15,247.34,1
04/12/2015,0,0,0,0,0,8,247.34,1
05/12/2015,0,0,0,0,0,8.6,247.33,1
06/12/2015,0,0,0,0,0,5.35,247.31,1
07/12/2015,0.6,0,0.4,0.2,0.2,4.9,247.29,1
08/12/2015,0,0,0,0,0,7.95,247.28,1
09/12/2015,0,0,0,0,0,8.75,247.27,0.6
10/12/2015,0.2,0,0,0,0,9.95,247.25,0.6
11/12/2015,0.2,0,0,0,0,6.3,247.24,0.6
12/12/2015,0,0,0,0,0,9.2,247.24,0.6
13/12/2015,3.8,11.6,6.8,4.4,7,8.2,247.24,0.6
14/12/2015,0.2,0.6,0.4,0.2,0.4,7.6,247.24,0.6
15/12/2015,0,0,0.2,0.2,0.2,4.85,247.24,0.6
16/12/2015,0.2,0.2,0,0,0,6.8,247.24,0.6
17/12/2015,0.2,0,0.2,0.2,0.2,6.55,247.23,0.6
18/12/2015,0.2,0,0,0.2,0.2,6.05,247.23,0.6
19/12/2015,0,0,0,0,0,9.1,247.22,0.6
20/12/2015,0.4,0,0.4,0.6,0.4,6.2,247.21,0.6
21/12/2015,1,0.4,1,1.2,2.6,4.1,247.2,0.6
22/12/2015,1.6,1.2,1.2,0.8,3.2,7.4,247.2,0.6
23/12/2015,0.2,1.2,0.6,0.2,0,9.8,247.19,0.6
24/12/2015,0,0.2,0.4,0.2,0.2,9.3,247.19,0.6
25/12/2015,0.2,0,0.2,0.2,0.2,6.65,247.18,0.6
26/12/2015,0.4,0,0.2,0.2,0.2,7.55,247.17,0.6
27/12/2015,0.2,0,0.4,0.6,0.4,4.95,247.16,0.6
28/12/2015,0.4,0,0.4,0.8,0.4,3.5,247.15,0.6
29/12/2015,0,0,0,0,0,6.3,247.15,3
30/12/2015,0.2,0,0.2,0.2,0.2,5.5,247.09,3
31/12/2015,0.2,0,0,0,0,5.1,247.02,3
01/01/2016,37,48.6,32,35.6,47.8,4.15,246.91,3
02/01/2016,4,3.2,2.4,3,6,4.55,247.14,3
03/01/2016,9,10.6,7,7.6,12.6,3.6,247.18,3
04/01/2016,5.4,7,4.8,3.6,8.4,4.5,247.2,3
05/01/2016,9.8,8.8,8.2,8.6,9.8,7.55,247.22,3
06/01/2016,5.2,4.6,4.6,3.8,4,5.3,247.23,3
07/01/2016,3.2,7.2,3.6,1.8,3.6,4.45,247.27,0.6
08/01/2016,4.2,10,4.2,3.4,6.2,8.75,247.33,0.6
09/01/2016,5.8,9,12.6,13.2,8.6,12.05,247.41,0.6
10/01/2016,4.6,9,1.8,6,1.4,11.9,247.58,0.6
11/01/2016,0,0,0,0,0,11.25,247.75,0.6
12/01/2016,0,0,0,0,0,9.5,247.85,0.6
13/01/2016,29.6,30.4,24.8,40,40.4,8.05,247.92,0.6
14/01/2016,1.8,1.4,1.8,1.8,2.4,3.1,248,0.6
15/01/2016,0,0.8,0.2,0.2,0.2,5,248.46,0.6
16/01/2016,0,0,0,0,0,3.55,248.6,0.6
17/01/2016,0,0,0,0,0,3.15,248.69,0.6
18/01/2016,0,0,0,0,0,1.35,248.75,0.6
19/01/2016,0,0,0,0,0,0.65,248.79,0.6
20/01/2016,0,0,0,0,0,0.65,248.83,0.6
21/01/2016,0.2,0,0,0,0,3.8,248.86,0.6
22/01/2016,0,0,0,0,0,4.55,248.87,0.6
23/01/2016,0,0,0,0,0,2.3,248.89,0.6
24/01/2016,0.2,0,0,0,0,4.8,248.9,0.6
25/01/2016,0,0,0.2,0,0.2,4.5,248.91,0.6
26/01/2016,1.2,0.2,1,0.2,2.8,8.55,248.91,0.6
27/01/2016,2.4,1,2,1.2,3.8,9.6,248.92,0.6
28/01/2016,0,0,0,0,0,9.3,248.94,0.6
29/01/2016,2,13.4,4,2.6,4.2,9.8,248.95,0.6
30/01/2016,5.4,6.6,4.4,4.2,7.6,9.3,248.96,0.6
31/01/2016,0.2,0,0,0,0.2,9.65,248.98,0.6
01/02/2016,1,3.6,1.6,1.2,2,12.05,249,0.6
02/02/2016,10.4,23,11.6,11,12.4,9.2,249.02,0.6
03/02/2016,0.6,0.4,0.8,0,0,6.65,249.05,0.6
04/02/2016,0,0,0,0,0,6.6,249.3,0.6
05/02/2016,0.2,0,0,0,0,6.2,249.39,0.6
06/02/2016,7.6,14.8,6.4,6,6.4,6.2,249.45,0.6
07/02/2016,2.8,11.2,2.6,7.4,3.2,8.55,249.5,0.6
08/02/2016,29.8,44.2,24.6,36.4,17.4,9.15,249.65,0.6
09/02/2016,8.8,13.8,7.8,14,6,10.1,249.85,0.6
10/02/2016,0.2,0,0.2,0,0.4,8.1,250.58,2.7
11/02/2016,27.8,32.4,24.2,21.2,35.2,6.7,250.89,7.5
12/02/2016,8.8,10.2,4.6,8,8.8,5.65,251.04,7.5
13/02/2016,28,22.2,26.4,30.6,31,6.65,251.35,7.5
14/02/2016,17.6,16.4,13.8,14.2,16.2,9.3,251.53,7.5
15/02/2016,15.8,23.4,16.2,23.6,20.8,6.15,252.08,11.48
16/02/2016,11.6,10.2,10.2,9.8,13.2,6.6,252.28,26.41
17/02/2016,0.2,0,0.2,0,0.2,4.7,252.3,27.63
18/02/2016,0.6,0.8,1.2,0.8,2.2,8.15,252.21,18.81
19/02/2016,0,0,0,0.2,0.6,7.55,252.1,10.88
20/02/2016,0,0,0,0,0,7.25,252.05,8.25
21/02/2016,0,0,0,0,0,7.85,252.02,7.6
22/02/2016,10.6,10.2,10,9.2,11,11.15,251.97,7.5
23/02/2016,0.6,0.2,1.2,0.8,0.6,9.65,251.92,7.5
24/02/2016,10.8,21.4,7.2,4,11,10.7,251.88,7.5
25/02/2016,1.2,1.6,1.2,0.4,1,8.5,251.85,7.5
26/02/2016,23.4,33.8,22,27,28.2,6,251.85,7.5
27/02/2016,15.6,25.6,12,21.6,26.6,7.9,251.83,7.5
28/02/2016,15.2,24.4,15.6,12.4,13.2,9.2,252.12,14.2
29/02/2016,0.2,0,0.2,0.2,0.2,7.6,252.25,28.63
01/03/2016,6.8,12.6,3,3.6,4,7.75,252.25,25.35
02/03/2016,8.4,9.4,13.8,8.8,6.8,7.65,252.14,12.94
03/03/2016,0,0,0,0,0,5.4,252.11,12.15
04/03/2016,27.6,17.8,21.6,29.4,24,6.3,252.1,10.69
05/03/2016,7.4,7.4,5.6,10.6,11.4,8.85,252.03,12.16
06/03/2016,0.4,8.6,0.4,0.6,1.4,6.5,252.22,21.93
07/03/2016,8.2,12.4,6.8,7.2,9.2,5.25,252.17,15.99
08/03/2016,0.4,0.8,1,0,0.8,3.2,252.1,11.78
09/03/2016,0,0.2,0,0,0,4.15,252.09,10.51
10/03/2016,0,0.4,1.2,0,0,7,252.06,8.69
11/03/2016,0,0,0,0,0,6.9,252.03,7.69
12/03/2016,0,0,0,0,0,9.75,251.99,7.5
13/03/2016,0,0,0,0,0,7.6,251.94,7.5
14/03/2016,0,0,0,0,0,8.25,251.87,7.5
15/03/2016,0,0,0,0,0,9.2,251.81,7.5
16/03/2016,0,0,0,0,0,7.35,251.72,7.5
17/03/2016,0,0,0,0,0,8.25,251.65,7.5
18/03/2016,0,0,0,0,0,11.8,251.56,7.5
19/03/2016,1,0.2,0.8,0.8,2.4,9.7,251.47,7.5
20/03/2016,2.8,1.6,1.2,0.4,3,9,251.38,7.5
21/03/2016,0,0,0,0,0,10.3,251.29,7.5
22/03/2016,0,0.2,0,0,0,11.7,251.18,7.5
23/03/2016,0,0,0,0,0,7.8,251.08,5.4
24/03/2016,0,0,0,0,0,9.85,251,5.4
25/03/2016,0.2,0,0,0,0,8.3,250.98,2.7
26/03/2016,0.8,0,0.6,0.6,1,10.85,250.95,2.7
27/03/2016,2.2,7.2,3.2,1.8,3.8,9.85,250.93,2.7
28/03/2016,0,0,0,0,0,10.75,250.89,2.7
29/03/2016,0,0,0,0,0,12.7,250.86,1
30/03/2016,0,0,0,0,0,13.75,250.86,1
31/03/2016,0,0,0,0,0,14.75,250.86,1
01/04/2016,0,0,0,0,0,14.6,250.87,0.6
02/04/2016,0,0,0,0,0,16.3,250.89,0.6
03/04/2016,0,0,0,0,0,15.95,250.9,0.6
04/04/2016,0,0,0,0,0,16.3,250.92,0.6
05/04/2016,0,0,0,0,0,16.3,250.93,0.6
06/04/2016,0.4,0,0,0,0,18.05,250.94,0.6
07/04/2016,2.2,2.6,3.4,1,5.8,17.7,250.94,0.6
08/04/2016,1,0,1.2,1,1,12.8,250.95,0.6
09/04/2016,0,0,0.2,0,0,10.9,250.95,0.6
10/04/2016,0,0,0,0,0,12.7,250.95,0.6
11/04/2016,0,0,0,0,0,12.6,250.95,0.6
12/04/2016,0,0,0,0,0,14.1,250.95,0.6
13/04/2016,0.2,0.6,0,0,2.2,14.05,250.95,0.6
14/04/2016,0,0,0,0,0,13.7,250.95,0.6
15/04/2016,0,0,0,0,0,13.2,250.95,0.6
16/04/2016,0,0,0,0,0,15.6,250.95,0.6
17/04/2016,0,0,0,0,0,15.8,250.95,0.6
18/04/2016,0,0,0,0,0,15.15,250.95,0.6
19/04/2016,0.2,0,0,0,0,13.15,250.95,0.6
20/04/2016,0,0,0,0,0,15.55,250.95,0.6
21/04/2016,0,0.2,0,0,0.4,17.45,250.95,0.6
22/04/2016,2,0.8,1.2,1.4,5.4,13.45,250.95,0.6
23/04/2016,10.2,14.4,11.6,9.2,10.6,11.7,250.95,0.6
24/04/2016,1,3.4,4,1,1.8,9.3,250.95,0.6
25/04/2016,0.2,1.2,0,0,0,9.05,250.95,0.6
26/04/2016,0,2,0.2,0.4,0,7.6,250.95,0.6
27/04/2016,0,0,0,0,0,11.1,250.94,0.6
28/04/2016,0,0,0,0,0,11.8,250.93,0.6
29/04/2016,17.6,20.2,15.6,13.2,19,13.3,250.93,0.6
30/04/2016,2,1,2.8,1,1.4,13.6,250.93,0.6
01/05/2016,0.4,6.6,7.6,0,0,11.65,250.94,0.6
02/05/2016,5,5.4,6.6,4.6,5,11.1,250.95,0.6
03/05/2016,0.4,0.6,1,0.2,0.8,15.5,250.95,0.6
04/05/2016,0.2,0,0.4,0,0,15,250.96,0.6
05/05/2016,0,0,0,0,0,14.25,250.97,0.6
06/05/2016,0.4,10.6,0,0,0,16.85,250.97,0.6
07/05/2016,1.4,2.2,1,0,1,15.8,250.96,0.6
08/05/2016,0.2,0.2,0,0,0,14.9,250.96,0.6
09/05/2016,0.2,0,0.2,0.2,0.2,16.65,250.97,0.6
10/05/2016,17,28.6,25.6,12.6,17,17.25,250.97,0.6
11/05/2016,11.4,15.6,6.4,7.4,4.6,15.05,250.97,0.6
12/05/2016,8.6,43.6,13.6,8.6,7.8,13.95,251.01,0.6
13/05/2016,6.8,3.8,7.2,1.2,4.8,13.6,251.11,0.6
14/05/2016,3.4,12.4,1.6,2.4,5.8,15.15,251.3,0.6
15/05/2016,2.6,2.6,1.8,4.2,12.6,15.3,251.4,0.6
16/05/2016,0,0,0,0,0,13,251.46,0.6
17/05/2016,0,0,0,0,0,14.05,251.5,0.6
18/05/2016,17.6,17.2,12,19.8,19.6,14,251.52,0.6
19/05/2016,0,0,0.4,0.2,0,12.05,251.54,0.6
20/05/2016,0,0,0,0,0,14.95,251.57,0.6
21/05/2016,0,0,0,0,0,17.2,251.6,0.6
22/05/2016,10,17.6,5.4,14.2,7.8,17.9,251.61,0.6
23/05/2016,0.4,0.2,0.2,0,0.2,12.65,251.62,1.5
24/05/2016,0,0,0,0,0,13.6,251.6,1.5
25/05/2016,0,0,0,0,0,15.2,251.6,1.5
26/05/2016,0,0,0,0,0,16.8,251.6,1.5
27/05/2016,0,0,0,0,0,19.95,251.6,1.5
28/05/2016,8.6,11.2,9.4,13.2,9.8,20.95,251.6,1.5
29/05/2016,0.2,2.8,0.8,0.4,0.8,16.55,251.6,1.5
30/05/2016,0.2,0,0.4,3,1.4,16.5,251.6,1.5
31/05/2016,0,0.2,0,0.2,0.6,16.25,251.58,1.5
01/06/2016,0.8,3.8,1.8,1.2,8.4,15.7,251.56,1.5
02/06/2016,0.2,0.4,0,0,0.6,14.8,251.54,1.5
03/06/2016,0,0,0,0,0,15.75,251.52,1.5
04/06/2016,1.2,1.6,2,1.6,3,17,251.5,1.5
05/06/2016,2.8,6.4,1.8,0,42.4,17.6,251.48,1.5
06/06/2016,0,0,0,0,0.2,17.35,251.46,1
07/06/2016,6.6,3,5.6,6.4,12.4,19.65,251.45,1
08/06/2016,2.8,4.4,11.8,1,4.2,19.25,251.44,1
09/06/2016,1.4,0.6,1,0,1.6,16.2,251.44,1
10/06/2016,2.8,0,2,18,5.4,18.65,251.45,1
11/06/2016,5.8,1,1.6,0.4,5.6,18.5,251.45,1
12/06/2016,0,7,0.8,0.2,0.2,19,251.46,1
13/06/2016,1.8,1,0.6,1,1.8,18.3,251.46,1
14/06/2016,0,0.2,0,0,0,17.3,251.46,1
15/06/2016,0.2,0.4,0,0.6,1,18,251.45,1
16/06/2016,7,9.2,4.8,10.4,9,20.55,251.44,1
17/06/2016,0,0,0,0,0,16.9,251.43,1
18/06/2016,0,0.8,0.4,0,0,17.15,251.42,1
19/06/2016,0,0.4,0,0,0.2,16.55,251.4,1
20/06/2016,0,0,0,0,0,18.9,251.38,1
21/06/2016,0,0,0,0,0,20.05,251.37,1
22/06/2016,0,0,0,0,0,22.25,251.36,1
23/06/2016,0,0,0,0,0,26.35,251.34,1
24/06/2016,0,0,0,0,0,27.65,251.32,1
25/06/2016,0,0,0,0,0,24.55,251.29,1
26/06/2016,0,0,0,0,0,22.65,251.27,1
27/06/2016,0,0,0,0,0,20.75,251.23,1
28/06/2016,0,0,0,0,0,22.5,251.2,1
29/06/2016,0,0,0,0,0,22.55,251.18,1
30/06/2016,0,0,0,0,0,22.9,251.16,1
01/07/2016,0,0,0,0,0,22.8,251.13,1
02/07/2016,0,0,0,0,0,23,251.11,1
03/07/2016,0,0,0,0,0,22.5,251.08,1
04/07/2016,0,0,0,0,0,23.8,251.08,1
05/07/2016,0,0,0.2,0,0.4,25.5,251.07,1
06/07/2016,0,0,0,0,0,24.5,251.07,1
07/07/2016,0,0,0,0,0,25.05,251.06,1
08/07/2016,0,0,0,0,0,23.85,251.05,1
09/07/2016,2.6,0,0,0,0,23.95,251.04,1
10/07/2016,0,0,0,0,0,25.75,251.03,1
11/07/2016,0,0,0,0,0,25.7,251.02,1
12/07/2016,0,0,0,0,0,25.45,251,2
13/07/2016,0,0,0,0,0,22.4,250.96,2
14/07/2016,4.8,2.4,7.2,0,0.8,19.8,250.92,2
15/07/2016,0,0,0,0,0,16.95,250.87,2
16/07/2016,0,0,0,0,0,20.85,250.83,2
17/07/2016,0,0,0,0,0,20,250.79,2
18/07/2016,0,0,0,0,0,21.8,250.76,2
19/07/2016,0,0,0,0,0,23.55,250.72,2
20/07/2016,0,0,0,0,0,24.85,250.68,2
21/07/2016,0,0,0,0,0,22.8,250.64,2
22/07/2016,0.8,1.6,0.4,0,0.8,23.85,250.6,2
23/07/2016,0.8,0.4,1,0,0,23.2,250.56,2
24/07/2016,7,0,14.4,15,12.8,24.75,250.52,2
25/07/2016,0.2,0,0.2,0,0.2,24.5,250.47,2
26/07/2016,0.8,45.8,5.6,10.8,2.8,23.8,250.44,2
27/07/2016,0,0,0,0,0,24.8,250.41,2
28/07/2016,0,0,0,0,0,23.4,250.37,2
29/07/2016,0,0,0,0,0,24.05,250.33,2
30/07/2016,0,0,0,0,0,23.45,250.29,2
31/07/2016,0,0,0,0,0,23.4,250.25,2
01/08/2016,0,0,0,0,0,23.6,250.22,2
02/08/2016,0,0,0,0,0,24.55,250.17,2
03/08/2016,0,0,0,0,0,25.35,250.13,2
04/08/2016,6.6,1.2,0.8,0.4,3,25.45,250.09,2
05/08/2016,2.8,4.2,7,1.6,3.2,22.1,250.04,2
06/08/2016,0,0,0,0,0,19.55,250,2
07/08/2016,0,0,0,0,0,23.2,249.95,2
08/08/2016,0,0,0,0,0,24.05,249.91,2
09/08/2016,0,0,0,0,0,23.75,249.87,2
10/08/2016,0,0,0,0,0,21.9,249.83,2
11/08/2016,0,0,0,0,0,18.9,249.78,2
12/08/2016,0,0,0,0,0,19.85,249.73,2
13/08/2016,0,0,0,0,0,22.15,249.68,2
14/08/2016,0,0,0,0,0,24.3,249.63,2
15/08/2016,0,0,0,0,0,24.3,249.58,2
16/08/2016,0,0,0,0,0,22.05,249.52,2
17/08/2016,0,0,0,0,0,21.65,249.47,2
18/08/2016,0,1,0,0,0,23.5,249.42,2
19/08/2016,0,0,0,0,0,23.4,249.37,2
20/08/2016,0,0,0,0,0,23.75,249.33,2
21/08/2016,0,0,0,0,0,24.1,249.29,2
22/08/2016,0,0,0,0,0,22.05,249.24,2
23/08/2016,0,0,0,0,0,23.05,249.18,3
24/08/2016,0,0,0,0,0,24.2,249.11,3
25/08/2016,0,0,0,0,0,24.1,249.06,3
26/08/2016,0,0,0,0,0,25,248.99,3
27/08/2016,0,0,0,0,0,24.65,248.92,3
28/08/2016,0,0,0,0,0,23.6,248.86,3
29/08/2016,1,1,0.2,1,3.4,22.8,248.8,3
30/08/2016,0.2,0,0,0,0,23.35,248.74,3
31/08/2016,0,0,0,0,0,23.5,248.66,3
01/09/2016,0,0,0,0,0,23.05,248.6,3
02/09/2016,0,0,0,0,0,24.85,248.54,3
03/09/2016,0,0,0,0,0,24.3,248.49,3
04/09/2016,0,0,0,0,0,23.05,248.43,3
05/09/2016,1.2,5.6,4,0.8,3.6,24.4,248.37,3
06/09/2016,0,0.2,0,0,0,21.35,248.31,3
07/09/2016,0,0,0,0,0,19.65,248.24,3
08/09/2016,0,0,0,0,0,22.1,248.19,3
09/09/2016,0,0,0,0,0,23.3,248.14,3
10/09/2016,0,0,0,0,0,24.05,248.09,3
11/09/2016,0,0,0,0,0,23.5,248.03,3
12/09/2016,0.4,0.8,0,0,0,24.1,247.96,3
13/09/2016,0,0,0,0,0,24.4,247.89,3
14/09/2016,1.2,0.8,1,0,2.2,22.3,247.82,3
15/09/2016,80.6,102.8,83.8,91.8,66.6,19.75,247.77,3
16/09/2016,1.2,0.8,0.2,0.2,1.4,16.7,247.73,3
17/09/2016,9.8,6.4,15.4,1.4,9.8,17.45,247.84,3
18/09/2016,0,0.2,0,0,0.2,15.8,247.78,3
19/09/2016,0.2,0,0.2,0,0,17.6,247.73,3
20/09/2016,0,0,0,0,0,17.6,247.68,3
21/09/2016,0,0,0,0,0,17.6,247.62,3
22/09/2016,0,0,0,0,0,18.45,247.53,3
23/09/2016,0,0,0,0,0,16.65,247.47,3
24/09/2016,0,0,0,0,0,19.1,247.41,3
25/09/2016,0,0,0,0,0,18.1,247.35,3
26/09/2016,0,0,0,0,0,17.45,247.28,3
27/09/2016,0,0,0,0,0,19.2,247.21,3
28/09/2016,0.2,0,0,0,0,18.85,247.14,3
29/09/2016,0,0,0,0,0,17.45,247.07,3
30/09/2016,2,3.6,1.8,3.4,3.4,17.55,247.01,3
01/10/2016,9.4,5.2,9.4,6.4,8.8,17.2,246.94,3
02/10/2016,0.4,6.6,1.2,0,0,18.15,246.87,3
03/10/2016,0.2,0,0,0,0,18.5,246.81,2
04/10/2016,0.2,0,0,0,0,15.7,246.79,2
05/10/2016,0.2,0.8,0.4,0,0.8,14.15,246.76,2
06/10/2016,0,0,0,0,0,12.2,246.72,2
07/10/2016,15.6,7.6,10,7.6,14.6,13,246.68,2
08/10/2016,2,4.4,3.8,2.2,0.8,9.5,246.64,2
09/10/2016,1.8,0,0.2,0,0.2,13.15,246.61,2
10/10/2016,0,0,0,0,0,10.2,246.57,2
11/10/2016,0,0,0,0,0,9.5,246.52,2
12/10/2016,6,3.2,9,4.8,7.2,11,246.47,2
13/10/2016,48.6,76.6,50.6,45.6,49.4,8.9,246.41,2
14/10/2016,0,0.2,0.2,0,0.2,14.65,246.37,2
15/10/2016,0.2,0,0.2,0,0,16.25,246.55,2
16/10/2016,0,0,0.2,0,0.2,16.05,246.52,2
17/10/2016,0.6,0.2,0.2,0,0.8,13.9,246.5,2
18/10/2016,3.4,8.2,5.8,0.2,5.2,15.25,246.46,2
19/10/2016,1.2,0.6,0.4,0,0.4,13.85,246.42,2
20/10/2016,0.2,0.6,0,0,0.2,13.35,246.4,2
21/10/2016,0.2,0.2,0.2,0,0.2,11.75,246.36,2
22/10/2016,0.8,2.4,0.2,0.4,0,10.7,246.33,2
23/10/2016,4,10.8,6.8,5.8,4.2,11.75,246.29,2
24/10/2016,0.2,0,0.2,0,0.2,16.05,246.25,2
25/10/2016,15.6,10.2,6,4.4,12.2,16.8,246.22,2
26/10/2016,0,0.2,0,0.2,0.4,17.2,246.18,2
27/10/2016,0,0,0,0,0,14.3,246.12,0.6
28/10/2016,0.2,0,0,0,0,13,246.12,0.6
29/10/2016,0,0,0,0,0,16.25,246.12,0.6
30/10/2016,0.2,0,0,0,0,15.5,246.11,0.6
31/10/2016,0,0,0,0,0,14.1,246.1,0.6
01/11/2016,8.2,16.4,8,12.8,11.6,11.9,246.07,0.6
02/11/2016,0,0.2,0.2,0,0.2,13.15,246.05,0.6
03/11/2016,0,0,0,0,0,13.05,246.04,0.6
04/11/2016,42.6,59.6,34,59.6,43.4,11.9,246.03,0.6
05/11/2016,41.4,23.6,19.6,47.6,27.4,12.75,246.05,0.6
06/11/2016,0.4,0,0.6,0,3.2,13.1,246.55,0.6
07/11/2016,0.4,0,0.2,0,0.6,9.35,246.77,0.6
08/11/2016,8.6,5.6,7.6,6.4,10,6.7,246.82,0.6
09/11/2016,0,0.2,0,0.2,0,7.7,246.84,0.6
10/11/2016,15,16,10.6,6.8,15.6,7.15,246.86,0.6
11/11/2016,1.4,5.2,2.2,0.6,0.4,6.25,246.87,0.6
12/11/2016,0.2,0,0.2,0,0,6.75,246.91,0.6
13/11/2016,0,0,0,0,0,4,246.94,0.6
14/11/2016,0,0,0,0,0,6.2,246.96,0.6
15/11/2016,0.2,0,0,0,0,5.85,246.98,0.6
16/11/2016,0.8,6.2,0.8,0.4,1.8,5.55,246.98,0.6
17/11/2016,30.2,30.6,35,41.8,38.6,6.9,246.99,0.6
18/11/2016,31.4,44.8,30.2,43.4,34.6,10.9,247,0.6
19/11/2016,1.8,0,3,1,0.8,12.55,247.5,0.6
20/11/2016,2.4,1.2,2.2,1,0.2,13.15,248.27,0.6
21/11/2016,0,0,0,0,0,13.2,248.39,0.6
22/11/2016,0,0,0,0,0,13.65,248.45,0.6
23/11/2016,1.8,2.4,1.4,1.2,2.4,13.3,248.47,0.6
24/11/2016,4.2,8.6,5.4,9,7.6,11.1,248.5,0.6
25/11/2016,0,0,0,0,0,12.25,248.53,0.6
26/11/2016,0,0,0.2,0,0,10.8,248.56,0.6
27/11/2016,0.4,0.2,0.2,0.2,0.4,7,248.58,0.6
28/11/2016,0,0,0,0,0,7.5,248.6,0.6
29/11/2016,0,0,0,0,0,2.95,248.61,0.6
30/11/2016,0,0,0,0,0,5.85,248.62,0.6
01/12/2016,0,0,0,0,0,3,248.62,0.6
02/12/2016,0,0,0,0,0,8.75,248.62,0.6
03/12/2016,0,0,0,0,0,6.55,248.63,0.6
04/12/2016,0,0,0,0,0,8.65,248.63,0.6
05/12/2016,0.2,0,0,0,0.2,8.1,248.63,0.6
06/12/2016,0.2,0,0,0,0,8.4,248.63,0.6
07/12/2016,0,0,0,0,0,10.05,248.63,0.6
08/12/2016,0.2,0,0,0,0,9,248.62,0.6
09/12/2016,0,0,0,0,0,4.5,248.62,0.6
10/12/2016,0,0,0,0,0,7.45,248.62,0.6
11/12/2016,0,0,0,0,0.2,9.25,248.61,0.6
12/12/2016,0.2,0,0,0,0,9.6,248.61,0.6
13/12/2016,0,0,0,0,0,6.5,248.6,0.6
14/12/2016,0.2,0,0,0,0,3.9,248.6,0.6
15/12/2016,0.2,0,0,0,0,7.25,248.59,0.6
16/12/2016,0,0,0,0,0,5.45,248.58,0.6
17/12/2016,0,0,0,0,0,4.75,248.57,0.6
18/12/2016,0.4,0.2,0.2,0,1.2,2.7,248.56,0.6
19/12/2016,2.2,2.8,2.6,2.2,4.6,2.6,248.55,0.6
20/12/2016,0,0,0,0,0,7.75,248.54,0.6
21/12/2016,0,0,0,0,0,9.8,248.54,0.6
22/12/2016,0.2,0,0,0,0,10.35,248.54,0.6
23/12/2016,0.2,0,0,0,0,9.45,248.54,0.6
24/12/2016,0,0,0,0,0,6.5,248.53,0.6
25/12/2016,0.2,0,0.2,0,0,7.55,248.53,0.6
26/12/2016,0.2,0,0,0,0.2,4.15,248.52,0.6
27/12/2016,0.2,0,0,0,0,9.35,248.52,0.6
28/12/2016,0,0,0,0,0,6.3,248.51,0.6
29/12/2016,0,0,0,0,0,5.55,248.5,0.6
30/12/2016,0,0,0,0,0,5.05,248.49,0.6
31/12/2016,0,0,0,0,0,7.65,248.48,0.6
01/01/2017,14.6,6.4,7.4,10.2,16.2,3.5,248.47,0.6
02/01/2017,15,8.2,13.6,12.6,14.2,6,248.46,0.6
03/01/2017,0,0,0,0,0,5,248.48,0.6
04/01/2017,0,0.2,0,0,0,2.8,248.49,0.6
05/01/2017,0,0,0,0,0,3.25,248.49,0.6
06/01/2017,0,0,0,0,0,-1,248.49,0.6
07/01/2017,0,0,0,0,0,-1.6,248.48,0.6
08/01/2017,0,0,0,0,0,-1.75,248.48,0.6
09/01/2017,0,0,0,0,0,1.4,248.48,0.6
10/01/2017,0,0,0,0,0,-0.65,248.47,0.6
11/01/2017,0.6,1,0.4,0.4,1.8,0.2,248.47,0.6
12/01/2017,17.2,31.8,16.6,21.4,15.8,2.15,248.47,0.6
13/01/2017,0.2,1.2,0.4,0,0.6,3.55,248.47,0.6
14/01/2017,0.2,0,0.2,0,0,-1.2,248.67,0.6
15/01/2017,0,0,0,0,0,0.5,248.69,0.6
16/01/2017,0,0,0,0,0,-0.4,248.71,0.6
17/01/2017,0,0,1.4,0,0,-0.6,248.72,0.6
18/01/2017,0,0,0,0,0,1.1,248.72,0.6
19/01/2017,0,0,0,0,0,1.2,248.73,0.6
20/01/2017,0,0,0,0,0,2.6,248.73,0.6
21/01/2017,0,0,0,0,0,2.9,248.74,0.6
22/01/2017,0,0,0,0,0,5.1,248.74,0.6
23/01/2017,0,0,0,0,0,5.7,248.75,0.6
24/01/2017,0,0,0,0,0,7.4,248.75,0.6
25/01/2017,0,0,0,0,0,5.35,248.76,0.6
26/01/2017,0.2,0,0,0,0,5,248.76,0.6
27/01/2017,0,0,0,0,0,4.2,248.76,0.6
28/01/2017,0,0,0,0,0,5.85,248.76,0.6
29/01/2017,3,2.4,1.6,1.2,4.4,6.95,248.76,0.6
30/01/2017,2.8,12,3.2,1.4,5.2,3.3,248.76,0.6
31/01/2017,0.2,6.6,0.6,1,2.2,6.65,248.76,0.6
01/02/2017,7.2,23.6,8.6,3,9.4,8.7,248.76,0.6
02/02/2017,3.4,15.8,3.4,4.8,4.8,9.2,248.77,0.6
03/02/2017,18.8,34.4,18.6,24,18.2,10.6,248.91,0.6
04/02/2017,50.8,57.8,51.8,36,49,8.35,249.2,0.6
05/02/2017,7,9.2,11.6,0.4,6,8.95,249.66,0.6
06/02/2017,0,0.2,0.2,0,0,6.05,250.92,5
07/02/2017,0,0,0,0,0,8.2,251.21,5
08/02/2017,0,0,0,0,0,6.6,251.29,5
09/02/2017,0,0,0,0,0,3.6,251.28,5
10/02/2017,0.2,0,0,0,0,5.35,251.27,5
11/02/2017,0,0,0,0,0,7,251.25,5
12/02/2017,0,0,0,0,0,9.65,251.2,5
13/02/2017,0,0,0,0,0,8.95,251.14,5
14/02/2017,0,0,0,0,0,8.7,251.08,5
15/02/2017,0.2,0,0,0,0,9.85,251.01,5
16/02/2017,0.4,0,0,0.2,3.2,7.05,250.95,5
17/02/2017,0.2,1.4,0,0.4,0.8,9.25,250.88,5
18/02/2017,0,0,0,0,0,9.55,250.8,5
19/02/2017,0,0,0,0,0,7.25,250.74,5
20/02/2017,0,0,0,0,0,6.1,250.65,5
21/02/2017,0,0,0,0,0,6.25,250.59,5
22/02/2017,0,0,0,0,0,9.4,250.51,5
23/02/2017,32.2,25.2,25.4,23.4,31.6,9.35,250.43,1
24/02/2017,2.4,4.2,10.6,1.6,2.8,8.95,250.43,1
25/02/2017,0,0,0,0,0,6.85,250.62,1
26/02/2017,0.2,0.2,0,0,0,10,250.72,1
27/02/2017,20.2,19.2,7.6,11.8,7,6.6,250.75,1
28/02/2017,2.2,4.6,4,3,1.4,9.45,250.79,1
01/03/2017,2.4,3.2,3,2.2,2.6,9.15,250.86,1
02/03/2017,0,0,0,0,0,9.3,250.93,5
03/03/2017,16.4,16,11.4,14.6,14.8,11.25,250.93,7
04/03/2017,20.2,10.4,6,21.8,21.2,8.45,250.89,7
05/03/2017,25.8,39.4,35,33.6,40,6.7,250.94,7
06/03/2017,0.2,2.4,0.2,0,0,8.3,251.07,7
07/03/2017,0,0,0,0,0,10.25,251.71,7
08/03/2017,0,0,0,0,0,10.35,251.79,7
09/03/2017,0,0,0,0,0,10.85,251.78,7
10/03/2017,0.8,0,0,0,0,12.2,251.77,7
11/03/2017,0,0,0,0,0,10.55,251.7,7
12/03/2017,0,0,0,0,0,9.55,251.62,7
13/03/2017,0,0,0,0,0,10.25,251.54,7
14/03/2017,0,0,0,0,0,12.8,251.45,7
15/03/2017,0,0,0,0,0,11.8,251.36,7
16/03/2017,0,0,0,0,0,12.7,251.26,7
17/03/2017,0,0,0,0,0,10.7,251.16,7
18/03/2017,0,0,0,0,0,12,251.07,7
19/03/2017,0,0,0,0,0,13.45,250.96,7
20/03/2017,0,0,0,0,0,13.7,250.86,7
21/03/2017,0.4,0.6,1.2,0.6,0.6,13.2,250.75,0.6
22/03/2017,0.4,2.8,0.2,0,0.2,12.6,250.74,0.6
23/03/2017,0,0,0,0,0,13.15,250.74,0.6
24/03/2017,0.6,0.4,1.4,0,0.2,14.85,250.75,0.6
25/03/2017,0,2.4,2.2,0.2,2.2,15.15,250.76,0.6
26/03/2017,0,0,0,0,0,10.4,250.77,0.6
27/03/2017,0,0,0,0,0,9.05,250.77,0.6
28/03/2017,0,0,0,0,0,12.7,250.78,0.6
29/03/2017,0,0,0,0,0,13.8,250.78,0.6
30/03/2017,0,0,0,0,0,16.7,250.78,0.6
31/03/2017,0,0,0,0,0,16.45,250.78,0.6
01/04/2017,0,0,0,0,0,13.65,250.77,0.6
02/04/2017,0,0,0,0,0,13.6,250.77,0.6
03/04/2017,0,3.8,0.2,0.4,0.4,16.25,250.76,0.6
04/04/2017,0,0.2,0,0,0,16.25,250.76,0.6
05/04/2017,0,0,1.2,0,1.8,13.45,250.76,0.6
06/04/2017,0,0,0,0,0,11.3,250.76,0.6
07/04/2017,0,0,0,0,0,12.75,250.76,0.6
08/04/2017,0,0,6.8,0,0,14.5,250.75,0.6
09/04/2017,0,0,0,0,0,15.75,250.75,0.6
10/04/2017,0,1.4,0.4,0,0.2,15.55,250.74,0.6
11/04/2017,0,0,0,0,0,14.3,250.72,0.6
12/04/2017,0,0,0,0,0,16.9,250.72,0.6
13/04/2017,0,0,0,0,0,15.05,250.72,0.6
14/04/2017,0,13.6,8.2,2.2,1.6,14.05,250.72,0.6
15/04/2017,0,0.8,2.2,1.8,3.2,13.55,250.72,0.6
16/04/2017,0,0,0,0,0,15.65,250.72,0.6
17/04/2017,0,9.4,16.2,1,3.8,13.8,250.71,0.6
18/04/2017,0.4,0.2,0,0,0,9.15,250.71,0.6
19/04/2017,0,0,0,0,0,7.85,250.7,0.6
20/04/2017,0,0,0,0,0,7.95,250.7,0.6
21/04/2017,0,0,0,0,0,8,250.7,0.6
22/04/2017,0,0,0,0,0,9.15,250.7,0.6
23/04/2017,0,0,0,0,0.4,12.4,250.69,0.6
24/04/2017,0,0,0,0,0,11.95,250.69,0.6
25/04/2017,0.8,8.6,1.6,0.8,1.6,13.6,250.67,0.6
26/04/2017,23.4,16.2,21.4,18.4,19.8,12.4,250.66,0.6
27/04/2017,5.4,3.6,3.6,7.4,10,12.6,250.66,0.6
28/04/2017,0,0,0,0,0,9.5,250.71,0.6
29/04/2017,0,0,0,0,0,9.7,250.74,0.6
30/04/2017,5.8,4.8,2.8,6.4,7,12.75,250.76,0.6
01/05/2017,0,0.2,0,0,0,10.95,250.76,0.6
02/05/2017,3.4,1.4,1.4,2.2,2,11.9,250.76,0.6
03/05/2017,3.4,3.2,5.4,4.8,5.8,13.05,250.75,0.6
04/05/2017,0,0,0,0,0,12.65,250.75,0.6
05/05/2017,23.8,25.2,16,11.4,14.6,15.05,250.76,0.6
06/05/2017,1.8,1.6,0.4,1,2,12.3,250.77,0.6
07/05/2017,5.8,4.2,10.4,5.8,5.2,12,250.78,0.6
08/05/2017,3.4,3.6,2.8,1.6,5,12.95,250.78,0.6
09/05/2017,0,0,0,0,2.8,12.95,250.81,0.6
10/05/2017,0,0,0,0,0,13.95,250.81,0.6
11/05/2017,0,0,0,0,0,16.05,250.8,0.6
12/05/2017,0,0,0,0,0,17,250.8,0.6
13/05/2017,0,0,0,0,0,17.05,250.78,0.6
14/05/2017,0.2,4,0,1,0.8,15.85,250.71,0.6
15/05/2017,0,0,0,0,0,16.7,250.68,0.6
16/05/2017,0,0,0,0,0,19.05,250.67,0.6
17/05/2017,0,0,0,0,0,19.35,250.67,0.6
18/05/2017,0,0,0,0,0,20.5,250.66,0.6
19/05/2017,0,0.4,0,0,0.8,18.15,250.65,0.6
20/05/2017,0,0,0,0,0,16.4,250.64,0.6
21/05/2017,0,0,0,0,0,18.15,250.63,0.6
22/05/2017,0,0,0,0,0,18.75,250.62,0.6
23/05/2017,0,0,0,0,0,18.9,250.61,0.6
24/05/2017,0,0,0,0,0,18.65,250.6,0.6
25/05/2017,0,0,0,0,0,18.9,250.59,0.6
26/05/2017,0,0,0,0,0,19,250.57,0.6
27/05/2017,0,0,0,0,0,21.05,250.56,0.6
28/05/2017,0,0,0,0,0,21.5,250.55,0.6
29/05/2017,0,0,0,0,0,21.2,250.54,0.6
30/05/2017,0,0,0,0,0,20.75,250.52,0.6
31/05/2017,0,0,0,0,0,20.4,250.5,0.6
01/06/2017,0,0,0,0,0,20.15,250.49,0.6
02/06/2017,0,0,0,0,0,19.9,250.48,0.6
03/06/2017,0,0,0,0,0,20.45,250.47,0.6
04/06/2017,0,0,0,0,0,19.35,250.46,0.6
05/06/2017,0,0,0,0,0,20.4,250.45,0.6
06/06/2017,0,0,0,0,0,18.8,250.43,0.6
07/06/2017,0,0,0,0,0,19,250.4,0.6
08/06/2017,0,0,0,0,0,20.15,250.39,0.6
09/06/2017,0,0,0,0,0,22.2,250.38,0.6
10/06/2017,0,0,0,0,0,21.25,250.37,0.6
11/06/2017,0,0,0,0,0,23.8,250.36,0.6
12/06/2017,0,0,0,0,0,23.7,250.34,0.6
13/06/2017,1,0,0,0.2,5.6,23.55,250.33,0.6
14/06/2017,1.6,21.4,4,0.4,0,23.2,250.31,0.6
15/06/2017,0,0,0,0,0,22.95,250.3,0.6
16/06/2017,0,0,0,0,0,24.25,250.28,0.6
17/06/2017,0,0,0,0,0,24.3,250.28,0.6
18/06/2017,0,0,0,0,0,22.8,250.26,0.6
19/06/2017,0,0,0,0,0,24.5,250.24,0.6
20/06/2017,0,0,0,0,0,23.55,250.22,0.6
21/06/2017,0,0,0,0,0,23.05,250.21,0.6
22/06/2017,0,0,0,0,0,24.2,250.19,0.6
23/06/2017,0,0,0,0,0,23.55,250.16,1
24/06/2017,0,0,0,0,0,23.45,250.15,1
25/06/2017,0,0,0,0,0,23.3,250.13,1
26/06/2017,0.4,0.4,0,0,0.2,25.05,250.11,1
27/06/2017,31.4,58.6,27.4,25.8,10.6,25.75,250.08,1
28/06/2017,1.8,1,1.2,0.8,0.8,20.05,250.07,1
29/06/2017,0,0,0.6,0.2,1.6,19.85,250.05,1
30/06/2017,0,0,0,0,0,17.8,250.03,1
01/07/2017,0,0,0,0,0,18.3,250.02,1
02/07/2017,0,0,0,0,0,19.7,250,1
03/07/2017,0,0,0,0,0,21.85,249.97,1
04/07/2017,0,0,0,0,0,23.1,249.94,1
05/07/2017,0,0,0,0,0,23.45,249.91,1
06/07/2017,0,0,0,0,0,24.2,249.89,1
07/07/2017,0.8,0,0,0,0,24.15,249.88,1
08/07/2017,0,0,0,0,0,25.5,249.86,1
09/07/2017,0,0,0,0,0,27.3,249.84,1
10/07/2017,0,0,0,0,0,24.5,249.82,1
11/07/2017,0,0,0,0,0,19.9,249.77,1
12/07/2017,0.8,0,0,0.4,0,26,249.75,1
13/07/2017,0.8,1,0.4,0,0.2,22.9,249.73,1
14/07/2017,0,0,0,0,0,24.05,249.7,1.5
15/07/2017,0,0,0,0,0,21.8,249.67,1.5
16/07/2017,0,0,0,0,0,22.85,249.64,1.5
17/07/2017,0,0,0,0,0,26.45,249.59,1.5
18/07/2017,0,0,0,0,0,23.35,249.56,1.5
19/07/2017,0,0,0,0,0,23.3,249.53,1.5
20/07/2017,0,0,0,0,0,25.45,249.49,1.5
21/07/2017,0,0,0,0,0,24.85,249.46,1.5
22/07/2017,0,0,0,0,0,24.7,249.43,1.5
23/07/2017,0,0,0,0,0,23.25,249.4,1.5
24/07/2017,2.2,0,0,0,3.4,20.9,249.36,1.5
25/07/2017,0,15,0,6.4,0.6,20.5,249.33,1.5
26/07/2017,0,0,0,0,0,22.6,249.3,1.5
27/07/2017,0,0,0,0,0,23.3,249.27,1.5
28/07/2017,0,0,0,0,0,24.55,249.24,1.5
29/07/2017,0,0.4,0,0,0,24.9,249.21,1.5
30/07/2017,0,0,0,0,0,27.7,249.18,1.5
31/07/2017,0,0,0,0,0,30.4,249.14,1.5
01/08/2017,0,0,0,0,0,28.85,249.1,1.5
02/08/2017,0,0,0,0,0,29.35,249.07,1.5
03/08/2017,0,0,0,0,0,28.7,249.03,1.5
04/08/2017,0,0,0,0,0,28.95,249,1.5
05/08/2017,0,0,0,0,0,27.65,248.95,2
06/08/2017,0,0,0,0,0,26.7,248.89,2
07/08/2017,0,0,0,0,0,27,248.84,2
08/08/2017,0,0,0,0,0,27.1,248.8,2
09/08/2017,15.8,8,9.8,11.8,10.2,23.1,248.77,2
10/08/2017,0,0,0,0,0,19.4,248.73,2
11/08/2017,2,0.2,0.2,0,0.8,19.85,248.69,2
12/08/2017,0,0,0,0,0,21.95,248.65,2
13/08/2017,0,0,0,0,0,23.8,248.61,2
14/08/2017,0,0,0,0,0,25.6,248.57,2
15/08/2017,0,0,0,0,0,24.7,248.52,2
16/08/2017,0,0,0,0,0,27.2,248.46,2
17/08/2017,0,0,0,0,0,27.7,248.4,2
18/08/2017,0,0,0,0,0,24.95,248.37,2
19/08/2017,0,0,0,0,0,22.9,248.32,2
20/08/2017,0,0,0,0,0,22.5,248.27,2
21/08/2017,0,0,0,0,0,22.3,248.22,2
22/08/2017,0,0,0,0,0,22.65,248.17,2
23/08/2017,0,0,0,0,0,23.15,248.14,2.5
24/08/2017,0,0,0,0,0,24.7,248.09,2.5
25/08/2017,0,0,0,0,0,25.35,248.03,2.5
26/08/2017,0,0,0,0,0,26.5,247.97,2.5
27/08/2017,0.4,9.2,1.4,0.6,3.8,25.7,247.91,2.5
28/08/2017,0.2,0,0,0,0,25.85,247.85,2.5
29/08/2017,0,0,0,0,0,25.95,247.81,2.5
30/08/2017,0,0,0,0,0,25.3,247.75,2.5
31/08/2017,4,3.4,10.2,18.2,4,22,247.69,2.5
01/09/2017,1,0,0.8,0.8,1,17.8,247.65,2.5
02/09/2017,0.2,0.2,0,0,0.2,17.5,247.6,2.5
03/09/2017,0,0,0,0,0,17.5,247.54,2.5
04/09/2017,0,0,0,0,0,20.1,247.48,2.5
05/09/2017,0.2,2.6,1.6,0,1.8,17.75,247.43,2.5
06/09/2017,6.4,6.6,6.4,2.6,25.6,21.6,247.37,2.5
07/09/2017,0,0,0,0,0,20.5,247.32,2.5
08/09/2017,21.8,17.4,14.2,12,10.2,17.95,247.27,2.5
09/09/2017,52.8,86.6,69.4,86.8,88.4,16.4,247.22,2.5
10/09/2017,1.6,1.4,1.2,1.8,2.6,18.7,247.34,2.5
11/09/2017,0.2,0.4,0.4,0,0.2,17.35,247.43,2.5
12/09/2017,0,0,0,0,0,18.15,247.36,1.5
13/09/2017,0.6,2.2,1.6,0,0.8,18,247.34,1.5
14/09/2017,28.6,5.4,19.2,16.4,19.4,18.35,247.29,1.5
15/09/2017,1.8,2.4,2.6,1.2,2.2,16.75,247.27,1.5
16/09/2017,2,6,1.4,1.6,0.8,15.1,247.25,1.5
17/09/2017,7.6,13.8,8.6,6.8,9.6,14.65,247.24,1.5
18/09/2017,9.8,2.4,3.8,1.4,3.4,12.1,247.24,1.5
19/09/2017,0,0.6,1.4,0,0,15.15,247.22,1
20/09/2017,0.6,0,0,0,0,13.8,247.19,1
21/09/2017,0,0,0,0,0,14.3,247.2,1
22/09/2017,0,0,0,0,0,15.5,247.16,3.5
23/09/2017,4,17.6,4,5.4,5,14.6,247.08,3.5
24/09/2017,0.2,0,0.2,0.2,0,15.4,247.02,3.5
25/09/2017,0,0,0,0,0,16.2,246.98,1
26/09/2017,0,0,0,0,0,17.45,246.96,1
27/09/2017,0,0,0,0,0,18.2,246.93,1
28/09/2017,0,0,0,0,0,17.8,246.9,1
29/09/2017,0,0,0,0,0,17.75,246.89,1
30/09/2017,0.4,0,0.2,0,0.8,13.5,246.87,1
01/10/2017,0,0,0,0,0,17.35,246.85,1
02/10/2017,0,0,0,0,0,14.5,246.82,2.5
03/10/2017,0,0,0,0,0,18.95,246.79,2
04/10/2017,0,0,0,0,0,16.45,246.75,1
05/10/2017,0.4,0.2,3.2,0,0,15.95,246.71,1
06/10/2017,0,0,0,0,0,14.9,246.7,1
07/10/2017,0,0,0,0,0,12.6,246.68,1
08/10/2017,0,0,0,0,0,14.5,246.63,1
09/10/2017,0,0,0,0,0,15.55,246.63,1
10/10/2017,0.2,0,0,0,0,15.25,246.61,1
11/10/2017,0,0,0,0,0,14.3,246.58,1
12/10/2017,0,0,0,0,0,16.85,246.56,1
13/10/2017,0.2,0,0.2,0,0,15.65,246.54,1
14/10/2017,0,0,0.2,0,0,16.95,246.51,1
15/10/2017,0.2,0,0,0,0,15.7,246.49,1
16/10/2017,0.2,0,0,0,0,16,246.46,1
17/10/2017,0.2,0,0,0,0,14.75,246.44,1
18/10/2017,0,0,0,0,0,14.8,246.42,1
19/10/2017,0.2,0,0,0,0,14.9,246.39,1
20/10/2017,0,0.4,0.2,0,0,14.6,246.38,1
21/10/2017,2.2,5.8,2.4,5,5,12.85,246.36,1
22/10/2017,0,0,0,0,0.2,11.8,246.34,1
23/10/2017,0,0,0,0,0,13.5,246.32,1
24/10/2017,0,0,0,0,0,15.3,246.29,1
25/10/2017,0,0,0,0,0,14.75,246.26,1
26/10/2017,0,0,0,0,0,11.6,246.23,1
27/10/2017,0,0,0,0,0,13.15,246.21,1
28/10/2017,0,0,0,0,0,10.9,246.19,1
29/10/2017,0,0,0,0,0,13,246.17,1
30/10/2017,0,0,0,0,0,13.55,246.15,1
31/10/2017,0.2,0,0,0,0,11.2,246.12,1
01/11/2017,0.4,0.4,0.2,0,1.4,8.75,246.09,1
02/11/2017,1,3.4,0.6,1.2,3,13.05,246.06,1
03/11/2017,0.6,0.2,0,0,0.2,13.65,246.07,1
04/11/2017,34.8,33.8,28.6,28.6,32,10.9,246.05,1
05/11/2017,24,28.4,24.4,26.8,28.2,9.7,246.04,1
06/11/2017,17.2,26.2,18.4,10.8,19.4,7.15,246.04,1
07/11/2017,0.2,0,0,0,0,10.65,246.26,1
08/11/2017,0,0.2,0,0,0.6,9.5,246.27,1
09/11/2017,0,0,0,0,0,10.4,246.3,1
10/11/2017,0,0.2,0.2,0,0.2,7.15,246.27,1
11/11/2017,3.6,13.6,5.2,7.2,6.8,9.85,246.3,1
12/11/2017,3.8,43.6,82.2,41,49,5.4,246.34,1
13/11/2017,1.2,14.4,7,0.2,0.4,5.5,246.38,0.6
14/11/2017,0,0.2,0,0,0,6.8,246.77,0.6
15/11/2017,0,0,0,0,0,8.75,246.9,0.6
16/11/2017,0,0,0,0,0,9.85,246.94,0.6
17/11/2017,0,0,0,0,0,8.05,246.98,0.6
18/11/2017,0,0,0,0,0,6.15,246.98,0.6
19/11/2017,0.2,0,0,0,0,4.65,246.98,0.6
20/11/2017,0,0,0,0,0,7,246.98,0.6
21/11/2017,0,0,0,0,0,8.5,247,0.6
22/11/2017,0.2,0,0,0,0,9.4,247,0.6
23/11/2017,0.2,0,0.4,0,0.8,10.25,247,0.6
24/11/2017,6.4,19.4,5.6,20.2,9.2,11.3,246.99,1
25/11/2017,3.8,6.2,11.2,0.4,5.6,7.3,246.98,1
26/11/2017,0.2,0,0,0,0.2,3.8,246.97,1
27/11/2017,2.2,5.6,1.6,2.6,3.2,0.6,247.02,1
28/11/2017,22.2,16.6,18.2,18,23.4,5.35,247.01,1
29/11/2017,2.8,5.8,7.2,4.8,2.8,3.85,247.08,1
30/11/2017,1,1.6,0.8,0.2,0.8,0.3,247.16,1
01/12/2017,0.2,0.2,0,0,0,3.95,247.22,1
02/12/2017,0,0,0,0,0,3.6,247.22,1
03/12/2017,0,0,0,0,0,4.6,247.22,1
04/12/2017,0,0,0,0,0,3.25,247.22,1
05/12/2017,0.2,0,0,0,0,4.3,247.24,1
06/12/2017,4.8,4.4,3,4.8,6.4,6.25,247.21,1
07/12/2017,39.2,68.8,25.6,59.2,35.4,8.15,247.22,1
08/12/2017,5.8,3.6,4.8,6.8,8,2.35,247.23,1
09/12/2017,24.6,54.6,39.2,43,28.4,2.9,248.21,1
10/12/2017,3.8,27,6.6,4.4,1.8,12,248.34,1
11/12/2017,29.6,31.2,14.8,41.4,21.8,10.25,249.16,1
12/12/2017,2,2.2,1.4,2.4,5,7.6,249.6,1
13/12/2017,12.8,16.4,7.8,12.2,17.6,8.4,250,5.24
14/12/2017,4.2,6.4,3,4.6,5.4,7.55,250.05,6.07
15/12/2017,3.4,3.4,2.8,1.2,1.6,3.3,250.17,7
16/12/2017,0.2,0,0,0,0,4.7,250.2,6.97
17/12/2017,0.2,0,0,0,0,1.15,250.16,6.46
18/12/2017,0,0,0,0,0,2.6,250.12,6.01
19/12/2017,0,0,0,0,0,1.6,250.04,5.45
20/12/2017,0.2,0,0,0,0,4.55,249.98,5.45
21/12/2017,0,0,0,0,0,6.35,249.94,5.2
22/12/2017,0.2,0,0,0,0,7,249.88,5.2
23/12/2017,0,0,0,0,0,4.35,249.84,2.7
24/12/2017,0.6,0.2,0.4,0,1,8.2,249.82,2.7
25/12/2017,6,18.2,6,8.2,9,7.75,249.79,2.7
26/12/2017,42.8,39.6,35.2,42.2,41.8,6.95,249.76,2.7
27/12/2017,12,15.2,6.4,10,9.6,3.4,249.79,3.81
28/12/2017,0,0,0,0,0,3.55,250.49,12.21
29/12/2017,0.2,0,0,0,0,2.9,250.52,15.23
30/12/2017,0.6,1,0.6,0,1.2,6.65,250.42,12.84
31/12/2017,8,12.6,7.2,13.8,16.2,7.4,250.31,8.65
01/01/2018,5.4,4.4,4.2,8.4,5,8.7,250.28,6.47
02/01/2018,6.6,4.8,3,3.8,6.6,5.75,250.37,12.1
03/01/2018,2.4,2.2,1.8,2,2.6,6.6,250.33,11.42
04/01/2018,2.8,6.2,3,1,3.8,10.1,250.27,10.33
05/01/2018,0,0.2,0.2,0,0.2,10.25,250.22,9.3
06/01/2018,0.2,0,0,0,0,10.5,250.16,8.51
07/01/2018,0,0,0,0,0,10.95,250.12,7.87
08/01/2018,3.6,5.6,7.2,1.6,4.2,10.15,250.07,7.38
09/01/2018,0.2,0,0.2,0,0.4,6.2,250,7.1
10/01/2018,5.6,5.6,2.6,1.6,6.2,6.6,249.95,7.1
11/01/2018,0,0.2,0,0,0,6.4,249.86,7.1
12/01/2018,0,0,0,0,0,6,249.77,7.1
13/01/2018,0,0,0,0,0,6,249.7,7.1
14/01/2018,2.2,2.2,1.8,1,3,4.4,249.62,7.1
15/01/2018,21.8,12.2,6,22.8,16.6,7.45,249.53,7.1
16/01/2018,2.8,4.2,1.2,3.6,2.8,8.45,249.49,2.7
17/01/2018,3.2,3.8,2,1.8,4,2.7,249.64,1
18/01/2018,3,9.2,1.4,1.2,3.8,7.7,249.77,1
19/01/2018,0.8,0.4,0.4,0.2,1.8,5.95,249.86,7.1
20/01/2018,8,2.8,5.6,6.6,9.2,10.05,249.87,7.1
21/01/2018,0.2,0,0,0,0,4.2,249.84,7.1
22/01/2018,0,0,0,0,0,7.7,249.82,7.1
23/01/2018,0,0,0,0,0,6.65,249.76,2.6
24/01/2018,0,0,0,0,0,7.9,249.75,2.6
25/01/2018,0.2,0.8,0,0,0.4,7.3,249.75,2.6
26/01/2018,0,4,0.2,1,2,10.5,249.75,2.6
27/01/2018,0.2,0,0,0,0,8.2,249.73,2.6
28/01/2018,0,0.2,0,0,0.2,6.95,249.71,2.6
29/01/2018,0,0,0,0,0,8.9,249.7,1.5
30/01/2018,9,9.2,6,8,12.6,7.1,249.68,1
31/01/2018,22,32.8,8.4,16.4,15,7.8,249.69,1
01/02/2018,34,36.6,30,23.8,35.4,4.4,249.76,0.6
02/02/2018,14,8.6,11.6,7,13.2,1.55,250.05,0.6
03/02/2018,0,2.8,0,0,0,2.55,250.86,7.2
04/02/2018,0.2,0,0,0,0,4.7,250.97,7.2
05/02/2018,7.2,8,5.2,7.4,10.8,4.6,250.98,7.2
06/02/2018,3.6,1,1.6,1.2,3.8,3.4,250.96,7.2
07/02/2018,0.2,0.2,0,0,0.8,4.7,250.96,7.2
08/02/2018,0.4,0,0,0,0,5.2,250.98,7.2
09/02/2018,0.2,0,0,0,0.2,3.35,250.93,7.2
10/02/2018,0,0,0,0,0,5.6,250.85,7.2
11/02/2018,11.8,13.8,10,10.2,16.4,2.75,250.8,7.2
12/02/2018,0,0.2,0.2,0,0,1.25,250.74,7.2
13/02/2018,0,0,0,0,0,1.7,250.7,7.2
14/02/2018,0.2,0,0,0,0,3.35,250.66,2.7
15/02/2018,0,0,0,0,0,2.7,250.66,2.7
16/02/2018,10.6,7.6,6.6,7.8,11.6,5.05,250.66,2.7
17/02/2018,21.2,12.6,17.2,16.2,24,4.85,250.78,2.7
18/02/2018,0,0,0.6,0,0,2.25,250.84,2.7
19/02/2018,0,0,0,0,0,1.9,250.88,2.7
20/02/2018,0.6,0.6,2.4,0,0.2,2,250.93,2.7
21/02/2018,0,1.6,1.8,0,1,2.25,250.93,2.7
22/02/2018,2.2,6.6,3.8,1.2,4.2,2.7,250.96,2.7
23/02/2018,0,2.4,0,0,0.2,5.45,250.95,2.7
24/02/2018,0.2,0,0.2,0,1,0.05,250.95,2.7
25/02/2018,0,0,0,0,0.2,-5.35,250.95,2.7
26/02/2018,0,1.6,1.4,0,0.4,-4.85,250.95,2.7
27/02/2018,0,0,0,0,0,-3.35,250.95,2.7
28/02/2018,6.2,0,0,0,0.8,-2.2,250.95,2.7
01/03/2018,38.2,55.8,21.8,37.6,36,2.6,250.88,7.2
02/03/2018,20.8,19.8,13.8,22.2,28.8,3.85,250.83,7.2
03/03/2018,1.6,1.6,0.6,0.6,1.6,4.6,251.03,8.55
04/03/2018,3.2,3.8,2,0.6,4,4.7,251.41,13.26
05/03/2018,4.2,2.6,1.2,0.8,5.6,6.15,251.47,14.13
06/03/2018,13.4,17.8,11.6,14,15,8.45,251.43,13.49
07/03/2018,0,0,0,0,0,8.3,251.39,13.42
08/03/2018,0,0,0,0,0,10.45,251.46,13.84
09/03/2018,0,13.8,0.6,1.2,2,7.75,251.41,13.1
10/03/2018,38.2,38.4,25.4,48,39.8,10.35,251.38,11.99
11/03/2018,13.2,15,3.6,7,11.6,9.85,251.27,12
12/03/2018,2.6,5.6,3.4,1.2,12.8,8.7,251.74,20.68
13/03/2018,0,0,0,0,0,10.15,251.68,19.45
14/03/2018,15.8,55.2,19.6,36.6,27,6.95,251.59,16.95
15/03/2018,4.8,3,2.6,6.4,6.2,10.2,251.48,14.49
16/03/2018,4.8,13.8,3.6,6,8.8,8.4,251.77,21.51
17/03/2018,15.8,25.6,14,12.4,19,6.3,251.71,19.2
18/03/2018,5.6,8.4,4.8,8,11.8,2.65,251.62,16.91
19/03/2018,0,0.8,2.8,0,0,4.35,251.6,16.94
20/03/2018,0.2,1.2,0.8,0,0,2.6,251.55,15.61
21/03/2018,0,0,0,0,0,2.65,251.44,13.4
22/03/2018,0,0,0,0,0,5.65,251.35,11.05
23/03/2018,0,0,0,0,0,6.85,251.23,9.41
24/03/2018,0,0,0,0,0,6.85,251.13,8.15
25/03/2018,0,0,0,0,0,9.1,251.07,7.5
26/03/2018,0,0,0,0,0,9.9,251,7.22
27/03/2018,0,0,0,0,0,10.7,250.93,7.2
28/03/2018,0.2,1,0,0,0,12.5,250.84,1
29/03/2018,0,0.8,0,0,0,14.15,250.89,1
30/03/2018,16.2,22.6,8.2,28.6,22.2,8.55,250.92,1
31/03/2018,3.8,0.8,3.2,1.4,1.8,9.65,251.02,1
01/04/2018,0,0,0,0,0,11.65,251.08,1
02/04/2018,0,0,0,0,0,12.05,251.1,1
03/04/2018,21.2,35,25.6,30,32.2,9.4,251.15,1
04/04/2018,0.6,4.8,3,2,5.4,12.2,251.21,1
05/04/2018,0,0.2,0,0,0.2,13.4,251.35,1
06/04/2018,0,0,0,0,0,16.25,251.59,1
07/04/2018,0,0,0,0,0,15.25,251.69,1
08/04/2018,7.6,9.2,6.8,1,8,10.7,251.76,1
09/04/2018,1.4,10.4,2.2,3.4,4,11.1,251.83,1
10/04/2018,3.4,3.8,3.4,1.2,3.2,11.05,251.9,1
11/04/2018,1,0.6,1.8,0.2,0.8,12.75,251.96,2.7
12/04/2018,4,3.6,2.2,7,6.8,11.85,251.99,2.7
13/04/2018,0,0,0,0,0,14.3,252,2.7
14/04/2018,0.4,0.4,1.2,0,0.4,15.7,252,2.7
15/04/2018,0,3.6,0,0.4,0,17.85,252,2.7
16/04/2018,0,0,0,0,0,16.2,252,3.5
17/04/2018,0,0,0,0,0,18.15,252,3.5
18/04/2018,0,0,0,0,0,18.1,251.99,3.5
19/04/2018,0,0,0,0,0,20.4,251.98,2
20/04/2018,0,0,0,0,0,21.35,251.97,1
21/04/2018,0,0,0,0,0,18.2,251.98,1
22/04/2018,0,0,0,0,0,16.9,251.99,1
23/04/2018,0,0,0,0,0,16.5,252,1
24/04/2018,0,0,0,0,0,17.15,252,1
25/04/2018,0,0,0,0,0,16.85,252,1
26/04/2018,0,0,0,0,0,18.1,252,1
27/04/2018,0.6,0,0,0,0,21.05,252,1
28/04/2018,0,0,0,0,0,18.55,252,1
29/04/2018,0.8,0,0.6,0,0.2,14.2,251.99,1
30/04/2018,9.4,10.2,9,7.8,9.2,11.95,251.98,1
01/05/2018,18.2,13.2,16.8,11.6,14.2,13.85,252,1
02/05/2018,2.4,3.2,2,0.2,4.2,15.25,252,1
03/05/2018,1.8,1.8,2,0,2.4,15.8,252,1
04/05/2018,0,0,0,0,0,17.9,252,1
05/05/2018,0,0,0,0,0.6,19,251.99,1
06/05/2018,0,0,0,0,0.6,19.1,251.98,1
07/05/2018,0,15.4,0,0,1.2,19.65,251.97,1
08/05/2018,4,19.2,1,0,0.2,17.35,251.97,1
09/05/2018,0.4,2.2,6.6,3,2.8,16.65,251.99,1
10/05/2018,0,0,1,0,0,17.5,251.97,1
11/05/2018,0,0,0,0,0,16.65,251.98,1
12/05/2018,3.4,7.6,3.6,2.6,6.4,16.45,251.99,1
13/05/2018,2,2,3.4,1.6,2.4,11.7,251.99,1
14/05/2018,0,6,1.8,0,0,11.4,251.98,1
15/05/2018,0,0,0,0,0,12.65,251.97,0.6
16/05/2018,1.4,0,1,0,13.4,14.7,251.98,0.6
17/05/2018,0,0,0,0,0.2,15.55,251.98,0.6
18/05/2018,0,0,0,0,0,18.75,251.99,0.6
19/05/2018,0,0,0,0,0,19.65,251.99,0.6
20/05/2018,4,1.4,2,0.4,7.4,18.6,251.99,0.6
21/05/2018,13,12.2,11.4,10.2,16.4,15.35,251.99,0.6
22/05/2018,0,0.2,0,0.2,0.2,16.6,251.99,0.6
23/05/2018,0.2,0,0,0,0,17.7,252,0.6
24/05/2018,0,2.4,0,0,0,19.6,251.99,0.6
25/05/2018,0,0,0,0,0,22.05,251.99,0.6
26/05/2018,0,0,0,0,0,22.05,251.99,0.6
27/05/2018,0.2,0,0.4,0,0,21.75,251.99,0.6
28/05/2018,0,0,0.6,0,0,21.35,251.99,0.6
29/05/2018,9.2,13.6,8.4,1.2,0.4,20.65,251.99,0.6
30/05/2018,0.2,0,0.2,0,0,19.05,251.99,0.6
31/05/2018,0,0,0,0,0,18.65,251.98,0.6
01/06/2018,0,0,0,0,0,18.9,251.98,0.6
02/06/2018,0,0,0,0,0,20.6,251.97,0.6
03/06/2018,0,0.2,0,0.6,1.4,20.95,251.96,0.6
04/06/2018,0,0.2,0,0,2.4,19.6,251.95,0.6
05/06/2018,0,0,0,0,0,19.8,251.95,0.6
06/06/2018,4.2,4,1.4,1.8,1.8,21.5,251.94,0.6
07/06/2018,9,6.2,7.6,20,17.6,19.15,251.93,0.6
08/06/2018,0,0,0,0,0,19.35,251.92,0.6
09/06/2018,0,0,0,0,0,19.85,251.92,0.6
10/06/2018,0,0,0,0,0,20.9,251.92,0.6
11/06/2018,0,0,0,0,0,21,251.92,0.6
12/06/2018,8.2,0.2,1.4,3.4,18.4,19.05,251.92,0.6
13/06/2018,8.2,19.8,6.8,2.4,6.6,18.1,251.91,0.6
14/06/2018,0,0,0,0,0,20.1,251.91,0.6
15/06/2018,0,0,0,0,0,20.9,251.91,0.6
16/06/2018,0,0,0,0,0,21.9,251.91,0.6
17/06/2018,0,0,0,0,0,21.5,251.9,0.6
18/06/2018,0.6,0,0,0,0,22.95,251.9,0.6
19/06/2018,0,0,0,0,0,24.5,251.89,0.6
20/06/2018,0,0,0,0,0,23.3,251.88,0.6
21/06/2018,3.6,4.6,10,0,3.8,19.35,251.86,0.6
22/06/2018,0,0,0,0,0,19.6,251.84,0.6
23/06/2018,0,0,0,0,0,18.25,251.83,0.6
24/06/2018,0.2,0,0.8,0,0,17.5,251.82,0.6
25/06/2018,0,0,0,0,0,19.2,251.81,0.6
26/06/2018,0,0,0,0,0,19.45,251.8,0.6
27/06/2018,0,0,0,0,0,20.1,251.79,0.6
28/06/2018,0,0,0,0,0,21.3,251.76,0.6
29/06/2018,0,0,0,0,0,22.95,251.75,0.6
30/06/2018,0,0,0,0,0,23.1,251.73,0.6
01/07/2018,0,0,0,0,0,23.45,251.71,0.6
02/07/2018,0,0,0,0,0,23.75,251.7,0.6
03/07/2018,0,0,0,0,0,23.9,251.68,0.6
04/07/2018,0,0,0,0,0,23.15,251.67,0.6
05/07/2018,10.2,14,14.4,15.6,3.2,21.85,251.66,0.6
06/07/2018,0.4,0.6,2,0,0,22.1,251.65,0.6
07/07/2018,0,0,0,0,0,22.8,251.64,0.6
08/07/2018,0,0,0,0,0,23.95,251.63,0.6
09/07/2018,0,0,0,0,0,23.2,251.62,0.6
10/07/2018,0,0.2,0,0,0,23.95,251.61,0.6
11/07/2018,0,0,0,0,0,22.15,251.59,1
12/07/2018,0,0,0,0,0,23.25,251.57,1
13/07/2018,1,0,0,0,0,24.4,251.55,1
14/07/2018,11.6,8,17.2,39,8.2,24.45,251.54,1
15/07/2018,0.6,14.2,1.2,0,1.4,21.1,251.53,1
16/07/2018,0,0,0,0,0,23.15,251.52,1
17/07/2018,0,0.2,0,0,0,24.05,251.49,1
18/07/2018,0,0,0,0,0,23.6,251.47,1
19/07/2018,0,0,0,0,0,23.35,251.45,1
20/07/2018,0,1.2,0,0,0,23.1,251.43,1
21/07/2018,9.6,0,8.6,9,12.8,22.25,251.41,1
22/07/2018,14.4,24,37.2,38.2,31.6,21.8,251.37,1
23/07/2018,0,0,0,0,0,23.15,251.4,1
24/07/2018,0.6,2.6,0,1.6,0.4,23.6,251.4,1
25/07/2018,1.6,4.4,13.4,0,0,23.65,251.4,1
26/07/2018,0,0,0,0,0,23.4,251.39,1
27/07/2018,0,0,0,0,0,22.85,251.38,1
28/07/2018,0,0,0,0,0,25.5,251.36,1
29/07/2018,0,0,0,0,0,27.25,251.34,1
30/07/2018,0,0,0,0,0,27.5,251.32,2
31/07/2018,0,0,0,0,0,28.4,251.29,2
01/08/2018,4.4,2.2,0,0.6,16.8,27.05,251.24,2
02/08/2018,0,0.8,0.8,0,0,27.15,251.2,2
03/08/2018,0,0,0,0,0,28.2,251.14,3
04/08/2018,0,0,0,0,0,27.6,251.09,3
05/08/2018,0,0,0,0,0,27.25,251.04,3
06/08/2018,0.8,0,0,0,6.4,26.35,250.99,3
07/08/2018,3,0.4,0.4,7.8,28.4,24.9,250.93,3
08/08/2018,0.2,0,0,0,0,24.25,250.86,3
09/08/2018,0,0,0,0,0,24.6,250.82,3
10/08/2018,0,0,0,0,0,24.3,250.75,3
11/08/2018,0,0,0,0,0,24,250.68,3
12/08/2018,1.2,0,0.4,5,2.8,22.4,250.62,3
13/08/2018,1.8,3.4,1.2,0.2,10.8,22.2,250.57,3
14/08/2018,5,2.8,8.4,1.6,6.2,21.8,250.5,3
15/08/2018,0.2,0,0,0,0,24.3,250.44,3
16/08/2018,0,0,0,0,0,23.15,250.38,3
17/08/2018,0,0,0,0,0,24,250.32,3
18/08/2018,0,0,0,0,0,24.95,250.27,3
19/08/2018,0,0,0,0,0,26.4,250.2,3
20/08/2018,0,0,0,0,0,26.3,250.13,3
21/08/2018,0,0,0,0,0.2,26.1,250.09,3
22/08/2018,2.8,1,0,30.8,19.6,24.65,250.03,3
23/08/2018,0,0,0,0,0.2,22.5,249.97,3
24/08/2018,9.4,1.6,17.6,7.2,4,23.05,249.93,3
25/08/2018,5,10.4,7.2,4,6,17,249.85,3
26/08/2018,0,0,0,0,0,19.4,249.82,1.5
27/08/2018,0,0,0,0,0,21.25,249.76,3
28/08/2018,0,0,0,0,0,22.95,249.7,3
29/08/2018,0,0,0,0,0,22.1,249.63,3
30/08/2018,0.2,5.2,0,0.2,0,21,249.56,3
31/08/2018,7.2,0.8,4,1.2,4.6,19.4,249.5,3
01/09/2018,1.6,0.4,0.2,0,4,19.4,249.45,3
02/09/2018,0,0,0,0,0.2,17.75,249.4,3
03/09/2018,0,0,0,0,0,19.45,249.35,3
04/09/2018,0,0,0,0,0,21.75,249.28,3
05/09/2018,0,0,0,0,0,21.8,249.2,3
06/09/2018,0,0.8,0,0,1.4,20.7,249.14,3
07/09/2018,0,0.2,0,0,0,21.45,249.08,3
08/09/2018,0.2,0,0,0,0,22.95,249.03,3
09/09/2018,0,0,0,0,0,23.15,248.96,3
10/09/2018,0,0,0,0,0,24.55,248.9,3
11/09/2018,0,0,0,0,0,24.1,248.83,3
12/09/2018,0,0,0,0,0,19.7,248.77,3
13/09/2018,0,0,0,0,0,21.8,248.7,3
14/09/2018,0,0,0,0,0,22.6,248.66,3
15/09/2018,0,0,0,0,0,23.25,248.62,3
16/09/2018,0,0,0,0,0,22.5,248.58,3
17/09/2018,3.6,27,10.2,0,0,21.9,248.54,3
18/09/2018,0.2,0.2,0.2,0,0,20.9,248.47,3
19/09/2018,0,0,0,0,0,23.95,248.4,3
20/09/2018,0,0,0,0,0,23.75,248.32,3
21/09/2018,0.8,0,0,0,0,21.95,248.24,3
22/09/2018,0,0,0.2,0,0,22.15,248.16,3
23/09/2018,0,2.4,1.2,0,0.8,20.4,248.09,3
24/09/2018,0,0,0,0,0,15.75,248.02,3
25/09/2018,0,0,0,0,0,13.6,247.93,3
26/09/2018,0,0,0,0,0,18.9,247.86,3
27/09/2018,0,0,0,0,0,20.05,247.79,3
28/09/2018,0,0,0,0,0,20.4,247.72,3
29/09/2018,0,0,0,0,0,18.55,247.66,3
30/09/2018,14.6,16.4,20.4,11.2,19,12.6,247.59,3
01/10/2018,0.2,0.6,2.8,0.2,0.4,12.85,247.56,3
02/10/2018,0,0,0,0,0,16.9,247.46,3
03/10/2018,0,0,0,0,0,18,247.42,3
04/10/2018,0,0,0,0,0.4,17.55,247.37,3
05/10/2018,13.8,16.6,10.8,7.2,11,15.55,247.3,2.5
06/10/2018,1,1.2,1.8,1.2,0.6,16.1,247.25,2.5
07/10/2018,0.2,0,0.2,0,0,16.3,247.21,2.5
08/10/2018,0,0,0,0,0,18.65,247.18,2
09/10/2018,0.2,0,0,0,0,19.55,247.14,2
10/10/2018,0.8,2.4,1,0,0.8,16.75,247.1,2
11/10/2018,0,0,0,0,0,19.25,247.05,2
12/10/2018,0.2,0,0,0,0,18.9,247.01,2
13/10/2018,0,0,0,0,0,17.95,246.96,2
14/10/2018,0.2,0,0,0,0,17,246.91,2
15/10/2018,0.2,0.4,0.2,0,3.4,18.5,246.86,2
16/10/2018,2.4,2.8,3.8,0,8,16.3,246.83,2
17/10/2018,0,0,0,0,0.2,18.75,246.78,2
18/10/2018,0,0,0,0,0,19.5,246.74,2
19/10/2018,0.8,0,0,0,0,19.7,246.71,2
20/10/2018,0.4,0.2,1,0,0.4,14.25,246.69,2
21/10/2018,0,0,0,0,0,11,246.63,2
22/10/2018,0,0,0,0,0,14.1,246.56,2
23/10/2018,0,0,0,0,0,12.95,246.53,2
24/10/2018,0.2,0,0.2,0,0,13.8,246.49,2
25/10/2018,0,1.2,0,0,0,15.6,246.45,2
26/10/2018,0,1,0,0,0,18.05,246.42,2
27/10/2018,9.6,5.2,5,1.4,4.4,16.2,246.39,2
28/10/2018,46,40.4,44.2,31.8,40.8,16.1,246.36,2
29/10/2018,25,13.4,14,27.4,16.4,9.9,246.32,2
30/10/2018,0.2,1.4,0,0.2,0.4,12,246.37,0.6
31/10/2018,28.6,23.8,27.4,12.6,16.2,13.35,246.35,0.6
01/11/2018,2.8,7.6,2.8,1.8,2.6,13.1,246.36,0.6
02/11/2018,0.2,0,0,0,0,14.9,246.37,0.6
03/11/2018,2.8,5.4,5.6,4.4,6,14.55,246.38,0.6
04/11/2018,0.2,0.8,0.4,0.4,0.6,13.75,246.37,0.6
05/11/2018,5.4,8.8,10.4,3.8,8.4,13.85,246.37,0.6
06/11/2018,9.2,9,10,6.6,6,12.95,246.36,0.6
07/11/2018,0,0,0,0.2,0,12.55,246.36,0.6
08/11/2018,0,0,0.2,0,0,11,246.36,0.6
09/11/2018,0.2,0,0.2,0,0.2,11.3,246.36,0.6
10/11/2018,2,1.6,1.8,1.2,5.4,9.75,246.36,0.6
11/11/2018,0.2,0,0.4,0.2,0.2,11.15,246.34,0.6
12/11/2018,0.2,0.2,0.2,0.6,0.4,9.85,246.32,0.6
13/11/2018,0,0,0,0,0,11.55,246.32,0.6
14/11/2018,0,0,0,0,0,12.75,246.31,0.6
15/11/2018,0,0,2,0,0,8.45,246.29,0.6
16/11/2018,0.4,0,0.2,0,0,7.2,246.25,0.6
17/11/2018,0,0,0,0,0,5.3,246.23,0.6
18/11/2018,1,1.2,1.2,0,2,5.3,246.22,0.6
19/11/2018,5.2,5.8,12.2,0,5,3.2,246.2,0.6
20/11/2018,2.2,2.2,2.4,1.6,2,7.25,246.19,0.6
21/11/2018,0.2,0.6,0.2,0.2,0,9.7,246.2,0.6
22/11/2018,9.2,37.8,8.8,10.2,13.4,9.2,246.21,0.6
23/11/2018,12.6,5.4,12,16,8.4,12.35,246.2,0.6
24/11/2018,10,6,7.2,3.8,12,9.4,246.22,0.6
25/11/2018,4.6,4.4,3.6,5,6.2,7.9,246.3,0.6
26/11/2018,0,0.6,0.4,0,0.2,7.9,246.35,0.6
27/11/2018,0,0,0,0,0,7.25,246.36,0.6
28/11/2018,0,0,0,0,0,7.3,246.32,0.6
29/11/2018,0,0,0,0,0,4.5,246.32,0.6
30/11/2018,0,0,0,0,0,7,246.32,0.6
01/12/2018,1.2,1,1,0.2,3.4,4.3,246.33,0.6
02/12/2018,17.4,8.8,11.6,13.2,18.4,9.15,246.33,0.6
03/12/2018,0.4,0,0,0,0.4,10.8,246.34,0.6
04/12/2018,0.2,0,0,0,0.2,9.3,246.36,0.6
05/12/2018,12.8,11.2,11.6,6.8,13.6,7.5,246.36,0.6
06/12/2018,2.8,1.8,3,2.6,3.8,6.75,246.35,0.6
07/12/2018,11.6,18,10.8,30.8,16.4,8.55,246.35,0.6
08/12/2018,1,0.4,0,0,0.6,7.45,246.39,0.6
09/12/2018,0.2,0,0,0,0.4,7.95,246.53,0.6
10/12/2018,0,0,0,0,0,5.85,246.55,0.6
11/12/2018,0,0,0,0,0,1.05,246.55,0.6
12/12/2018,0,0,0,0,0,3.15,246.55,0.6
13/12/2018,0,0,0,0,0,1.3,246.57,0.6
14/12/2018,0,0,0,0,0,1,246.53,0.6
15/12/2018,1,0.4,2.2,0.8,0,-0.9,246.49,0.6
16/12/2018,7.2,6.8,6.8,7,9.2,2.1,246.5,0.6
17/12/2018,0,0,0,0,0.2,5.25,246.5,0.6
18/12/2018,1,2.2,0.8,1.6,3.2,1.35,246.5,0.6
19/12/2018,15.4,18.2,17.6,19.4,18.8,4.5,246.51,0.6
20/12/2018,1.2,2.8,2.2,1.6,2,6.8,246.53,0.6
21/12/2018,4.4,10.8,6.8,1.8,3.8,9.6,246.63,0.6
22/12/2018,0,0,0,0,0,11.55,246.66,0.6
23/12/2018,1,0,0.6,0.2,1,9.6,246.76,0.6
24/12/2018,0.2,0,0,0,0,7.55,246.76,0.6
25/12/2018,0.2,0,0.2,0,0,4.1,246.81,0.6
26/12/2018,0,0,0,0,0,5.75,246.81,0.6
27/12/2018,0.2,0.2,0,0,0,4.65,246.82,0.6
28/12/2018,0.2,0,0.2,0.2,0.2,3.95,246.83,0.6
29/12/2018,0.2,0.2,0.2,0.4,0.2,7.2,246.83,0.6
30/12/2018,0.2,0,0,0,0,6.45,246.83,0.6
31/12/2018,0,0,0,0,0,7.25,246.83,0.6
01/01/2019,0,0,0,0,0,6.4,246.83,0.6
02/01/2019,0,0,0,0,0,2.55,246.82,0.6
03/01/2019,0,0,0,0,0,-0.3,246.81,0.6
04/01/2019,0,0,0,0,0,0.3,246.8,0.6
05/01/2019,0,0,0,0,0,2.75,246.79,0.6
06/01/2019,0.2,0,0,0,0.2,4.85,246.78,0.6
07/01/2019,0,0,0,0,0,1.9,246.77,0.6
08/01/2019,0.2,0,0,0,0,3.9,246.76,0.6
09/01/2019,0,0,0,0,0,4.75,246.75,0.6
10/01/2019,0,0,0,0,0,2.55,246.74,0.6
11/01/2019,0,0,0,0,0,1.7,246.73,0.6
12/01/2019,0,0,0,0,0,4.5,246.72,0.6
13/01/2019,0,0,0,0,0,9.9,246.71,0.6
14/01/2019,0,0,0,0,0,7.85,246.7,0.6
15/01/2019,0,0,0,0,0,6.95,246.69,0.6
16/01/2019,6.4,13,6.2,17,15.2,6.7,246.68,0.6
17/01/2019,18,17,16.6,35.8,27.2,7.4,246.66,0.6
18/01/2019,0.8,0.6,0,0,0.6,4.4,246.88,0.6
19/01/2019,1.2,1,0.4,0,0.6,3.6,246.94,0.6
20/01/2019,0,0,0,0,0,2.6,246.95,0.6
21/01/2019,1.8,0.2,1,0,0.4,0.6,246.96,0.6
22/01/2019,1.8,0.8,2,1,3.8,0.15,246.94,0.6
23/01/2019,0,1.4,0,0,3,1.35,246.98,0.6
24/01/2019,0,0,0,0,0,2.3,246.97,0.6
25/01/2019,0,0,0,0,0,4.6,246.94,0.6
26/01/2019,2.8,12.4,3,5,1.8,2.25,246.98,0.6
27/01/2019,6.8,15.2,8.2,9.6,10,4.7,246.97,0.6
28/01/2019,0,0,0.6,0,0,4.15,247.02,0.6
29/01/2019,4.6,0.2,1.8,2.8,0.8,0.5,247.09,0.6
30/01/2019,11.2,22.4,13.6,13.8,17.6,0.45,247.13,0.6
31/01/2019,42.2,47.6,31.4,38.4,35.8,7.95,247.15,0.6
01/02/2019,56,59.8,48.2,63,47.6,7.7,247.43,0.6
02/02/2019,5,7.8,4.8,3.6,6.2,6.75,248.69,0.6
03/02/2019,0,0,0,0,0.2,5.75,249.65,0.6
04/02/2019,0,0,0,0,0,6.65,249.95,0.6
05/02/2019,0,0,0,0,0,7.95,250.1,0.6
06/02/2019,0,0,0,0,0,9.1,250.18,0.6
07/02/2019,0,0,0,0,0,7.8,250.24,0.6
08/02/2019,0.8,0,0.2,0,1.6,4.4,250.29,0.6
09/02/2019,0.8,5.4,0.8,0.2,0.4,9.05,250.32,0.6
10/02/2019,14.8,11.4,6.4,27.6,10.6,7.55,250.35,0.6
11/02/2019,0,0,0,0,0,9.2,250.43,0.6
12/02/2019,0,0,0,0,0,6.85,250.52,0.6
13/02/2019,0,0,0,0,0,10.55,250.56,2
14/02/2019,0.2,0,0,0,0,11.65,250.56,2
15/02/2019,0,0,0,0,0,12.35,250.54,2
16/02/2019,0,0,0,0,0,8.8,250.53,2
17/02/2019,0.2,0,0,0,0,6.7,250.52,2
18/02/2019,0,0,0,0,0,6.75,250.51,2
19/02/2019,0,0,0,0,0,7.85,250.5,2
20/02/2019,0,0,0,0,0,8.55,250.49,1.5
21/02/2019,0,0,0,0,0,11,250.48,1.5
22/02/2019,0,0,0,0,0,6.45,250.47,0.6
23/02/2019,0,0,0,0,0,4.15,250.47,0.6
24/02/2019,0,0,0,0,0,9.1,250.47,0.6
25/02/2019,0,0,0,0,0,13.85,250.48,0.6
26/02/2019,0,0,0,0,0,14.5,250.48,0.6
27/02/2019,0,0,0,0,0,7.95,250.48,0.6
28/02/2019,0,0,0,0,0,9.35,250.48,0.6
01/03/2019,0,0,0,0,0,9.65,250.47,0.6
02/03/2019,0,0,0,0,0,10.35,250.47,0.6
03/03/2019,1,1.4,2,1.4,1,10,250.47,0.6
04/03/2019,0,0,0,0,0,10.95,250.48,0.6
05/03/2019,0,0,0,0,0,10.65,250.48,0.6
06/03/2019,0,0.2,0,0,0,12.4,250.47,0.6
07/03/2019,0,0,0,0,0,11.45,250.46,0.6
08/03/2019,0,0,0,0,0,8.8,250.45,0.6
09/03/2019,1,1.2,1,0,0.8,10.05,250.45,0.6
10/03/2019,11.2,1.2,4.2,2.6,2.4,9.35,250.45,0.6
11/03/2019,0.2,0,0,0,0,7.45,250.45,0.6
12/03/2019,4.6,6.2,4.4,4,7.2,4.3,250.45,0.6
13/03/2019,0.2,0.2,0,0.2,0,7.35,250.45,0.6
14/03/2019,0,0,0,0,0,11.75,250.45,0.6
15/03/2019,0,0,0,0,0,13.35,250.44,0.6
16/03/2019,0,0,0,0,0.2,12.15,250.44,0.6
17/03/2019,2.4,4,5.4,2.4,2.6,7.35,250.44,0.6
18/03/2019,0,0.8,1.6,0,0,5.55,250.44,0.6
19/03/2019,0,0,0,0,0,7.55,250.44,0.6
20/03/2019,0,0,0,0,0,9,250.42,0.6
21/03/2019,0,0,0,0,0,13,250.4,0.6
22/03/2019,0,0,0,0,0,15.75,250.4,0.6
23/03/2019,0,0,0,0,0,16.2,250.4,0.6
24/03/2019,0,0,0,0,0,11.15,250.39,0.6
25/03/2019,2,6.2,13.2,0,0.2,6.5,250.39,0.6
26/03/2019,0,0,0,0,0,8.95,250.37,0.6
27/03/2019,0,0,0,0,0,9.05,250.35,0.6
28/03/2019,0,0,0,0,0,11.1,250.34,0.6
29/03/2019,0,0,0,0,0,14.2,250.33,0.6
30/03/2019,0,0,0,0,0,12.85,250.33,0.6
31/03/2019,0,0,0,0,0,15.1,250.33,0.6
01/04/2019,0,0,0,0,0,14.6,250.33,0.6
02/04/2019,4.4,5.8,4.2,2.2,5,10,250.32,0.6
03/04/2019,18.4,21.4,16,25.8,15.6,9.65,250.32,0.6
04/04/2019,0.4,0.4,0.2,0,1,6.8,250.33,0.6
05/04/2019,0,0,0,0,0,9.15,250.33,0.6
06/04/2019,0.8,2.2,1.4,0.4,2.6,9.3,250.34,0.6
07/04/2019,0,0,0,0,0,9.7,250.35,0.6
08/04/2019,0,0,0,0,0,12.3,250.35,0.6
09/04/2019,2.6,4.6,4.2,0,0.2,11.1,250.34,0.6
10/04/2019,8.8,9,13.6,6.8,9.4,11.35,250.33,0.6
11/04/2019,0.4,1,1.6,0.2,0.4,10.25,250.32,0.6
12/04/2019,0,0.2,0,0,0,9.35,250.35,0.6
13/04/2019,7.8,7.4,8.2,1.2,10.8,7.35,250.35,0.6
14/04/2019,0,0,0,0,0,11,250.35,0.6
15/04/2019,0,0,0,0,0,13.6,250.34,0.6
16/04/2019,0,0,0,0,0,13.35,250.36,0.6
17/04/2019,0,0,0,0,0,14.85,250.36,0.6
18/04/2019,0,0,0,0,0,14.8,250.36,0.6
19/04/2019,0,0,0,0,0,16.7,250.35,0.6
20/04/2019,0,0,0,0,0,17.2,250.35,0.6
21/04/2019,8,8.4,7,2.4,8.8,14.75,250.34,0.6
22/04/2019,15.2,21,13.2,8,15.8,13,250.34,0.6
23/04/2019,2.2,0.8,1.6,0,0.2,15.85,250.34,0.6
24/04/2019,0.2,0.2,0,0,0.2,15.5,250.35,0.6
25/04/2019,0,1.4,0,0,0,14.25,250.38,0.6
26/04/2019,0.2,0.2,0,0,0.2,12.65,250.43,0.6
27/04/2019,3.4,5,5.4,1,3,9.85,250.44,0.6
28/04/2019,0,0.6,0.2,0,0,7.55,250.44,0.6
29/04/2019,0,0,0,0,0,11.65,250.44,0.6
30/04/2019,1.2,3.6,1.4,0.2,0.6,13.7,250.43,0.6
01/05/2019,0,0,0,0.2,0,11.75,250.43,0.6
02/05/2019,1.6,1.6,2.4,0,2.2,12.6,250.44,0.6
03/05/2019,0,0.6,0,0,0,13.7,250.43,0.6
04/05/2019,24.2,40.4,29,14,22.8,6.9,250.44,0.6
05/05/2019,0,1.4,2.6,0,0,7.9,250.42,0.6
06/05/2019,0.2,0,0,0,0,9.3,250.67,0.6
07/05/2019,1,2.2,0.6,0.4,2.6,10.8,250.75,0.6
08/05/2019,24.8,28.2,22.8,21.4,31.4,12.9,250.8,0.6
09/05/2019,0,0.2,0,0,0.4,14.2,250.82,0.6
10/05/2019,8.4,9.8,2,0.8,6,12.8,251.04,0.6
11/05/2019,8.2,21,29.4,2.4,3.2,10.75,251.1,0.6
12/05/2019,3.8,12,17.8,0.2,0.8,10.25,251.14,0.6
13/05/2019,0,0,0.2,0,0,10.45,251.24,0.6
14/05/2019,0.2,0,0,0,0,7.65,251.38,0.6
15/05/2019,0,0,0,0,0,12.95,251.43,0.6
16/05/2019,3.2,1,1.2,0,1.8,13.45,251.5,0.6
17/05/2019,8.6,17.8,9.6,2.4,11,13.7,251.54,0.6
18/05/2019,17,36.2,14.2,13.8,27.2,11.95,251.57,0.6
19/05/2019,2,1.4,3,2.6,3.2,13.45,251.61,0.6
20/05/2019,3,3.2,4.6,1.2,2.8,13.65,251.81,2.5
21/05/2019,0.2,0.2,0.8,0,0,14.7,251.86,2.5
22/05/2019,0,5,13.2,0,0,15.8,251.9,2.5
23/05/2019,0,0,0,0,0,15.4,251.87,5.5
24/05/2019,0.8,1,1,1.4,6,16.75,251.83,5.5
25/05/2019,7.4,11.2,6,0.2,5,14.9,251.77,5.5
26/05/2019,3.6,3.4,2.2,1.2,4.8,16.1,251.74,5.5
27/05/2019,9.6,9.8,10.2,2,14,14.35,251.68,2.7
28/05/2019,3,3.2,0.6,0.6,1,13.55,251.68,2.7
29/05/2019,0,0,0,0,0.2,15.6,251.68,2.7
30/05/2019,0,0,0,0,0,17.25,251.68,2.7
31/05/2019,0,0,0,0,0,16.8,251.67,2.7
01/06/2019,0,0,0,0,0,19.8,251.67,0.7
02/06/2019,0,0,0,0,0,19.1,251.68,0.7
03/06/2019,0,0,0,0,0,18.55,251.7,0.7
04/06/2019,0,0,0,0,0,19.15,251.7,0.7
05/06/2019,0,0,0,0,0,18.25,251.69,0.7
06/06/2019,0,0,0,0,0,19,251.7,0.7
07/06/2019,0,0,0,0,0,20.95,251.69,0.7
08/06/2019,0,0,0,0,0,23.35,251.69,0.7
09/06/2019,0,0,0,0,0,24.45,251.69,0.7
10/06/2019,0,0,0,0,0,22.2,251.69,0.6
11/06/2019,0,0,0,0,0,20.5,251.69,0.6
12/06/2019,0,0,0,0,0,19.45,251.69,0.6
13/06/2019,0,0,0,0,0,24.2,251.68,0.6
14/06/2019,0,0,0.2,0,0,21,251.67,0.6
15/06/2019,0,0,0,0,0,21.25,251.67,0.6
16/06/2019,0,0,0,0,0,21.65,251.65,0.6
17/06/2019,0,0,0,0,0,25.15,251.66,0.6
18/06/2019,0,0,0,0,0,22.6,251.64,0.6
19/06/2019,0,0,0,0,0,21.65,251.63,0.6
20/06/2019,0,0,0,0,0,22.25,251.63,0.6
21/06/2019,34.8,34.6,38.4,13,26,21.5,251.63,0.6
22/06/2019,0.2,0.2,0.2,0,0.2,21.3,251.6,0.6
23/06/2019,0,0,0,0,0,23.15,251.66,0.6
24/06/2019,0,0,0,0,0,26.8,251.67,0.6
25/06/2019,0,0,0,0,0,26.9,251.65,0.6
26/06/2019,0,0,0,0,0,28.05,251.63,0.6
27/06/2019,0,0,0,0,0,27.2,251.62,0.6
28/06/2019,0,0,0,0,0,26.75,251.62,0.6
29/06/2019,0,0,0,0,0,27.3,251.61,0.6
30/06/2019,0,0,0,0,0,25.6,251.6,0.6
01/07/2019,0,0,0,0,0,25.4,251.58,0.6
02/07/2019,0,0,0.2,0,0,26.25,251.56,1.5
03/07/2019,0,0,0.2,0,0,24.35,251.54,1.5
04/07/2019,0,0,0,0,0,24.95,251.51,1.5
05/07/2019,0.4,0,0,0,0,24.45,251.47,1.5
06/07/2019,2.8,10,5.2,1,2.4,22.85,251.43,1.5
07/07/2019,0,0,0,0,0,24.75,251.39,1.5
08/07/2019,1,0,0.2,0,2.4,24.45,251.36,1.5
09/07/2019,0,2.8,0,0,0.4,21.55,251.34,1.5
10/07/2019,0,0,0,0,4.8,21.05,251.33,1.5
11/07/2019,0,0,0,0,0,23.2,251.29,1.5
12/07/2019,0,0,0,0,0,23.1,251.26,1.5
13/07/2019,0,0,0,0,0,21.3,251.24,1.5
14/07/2019,9,11.4,7.2,2.6,17.2,18.35,251.22,1.5
15/07/2019,0.2,0,0,0,0,21.2,251.18,1.5
16/07/2019,0,0,0,0,0,21.45,251.14,1.5
17/07/2019,0,1.2,0,0,0,21.5,251.12,1.5
18/07/2019,0,0,0,0,0,22.5,251.08,1.5
19/07/2019,0,0,0,0,0,23.45,251.05,1.5
20/07/2019,0,0,0,0,0,23.9,251.03,1.5
21/07/2019,0,0,0,0,0,25.45,251,1.5
22/07/2019,0,0,0,0,0,28.1,250.96,1.5
23/07/2019,0,0,0,0,0,27.9,250.93,2
24/07/2019,0,0,0,0,0,29.55,250.89,2
25/07/2019,0,0,0,0,0,27.2,250.85,2
26/07/2019,6,6.4,4.6,2.6,8.4,23,250.81,2
27/07/2019,13.4,18,17.4,9.4,18.6,18.85,250.77,2
28/07/2019,0,0.2,0,0,0,21.95,250.72,2
29/07/2019,0,0,0,0,0,22.5,250.7,2
30/07/2019,0,0,0,0,0,22.3,250.67,2
31/07/2019,0,0,0,0,0,23.35,250.64,2
01/08/2019,0,0,0,0,0.2,22.55,250.57,5
02/08/2019,0,0,0,0,0,25.1,250.48,7
03/08/2019,0,0,0,0,0,24.3,250.32,7
04/08/2019,0,0,0,0,0,23.65,250.24,5
05/08/2019,0,0,0,0,0,24.05,250.13,4
06/08/2019,0,0,0,0,0,23.9,250.05,4
07/08/2019,0,0,0,0,0,25.5,249.98,2
08/08/2019,0,0,0,0,0,26.55,249.94,2
09/08/2019,0,0,0,0,0,25.45,249.89,2
10/08/2019,0,0,0,0,0,26.95,249.85,2
11/08/2019,0,0,0,0,0,27,249.8,2
12/08/2019,0,0,0,0,0,25.35,249.76,2
13/08/2019,0,0,0,0,0,22.15,249.71,2
14/08/2019,0,0,0,0,0,23.7,249.68,2
15/08/2019,0,0,0,0,0,23.05,249.62,2
16/08/2019,0,0,0,0,0,22.65,249.59,2
17/08/2019,0,0,0,0,0,23.95,249.54,2
18/08/2019,0,0,0,0,0,24.25,249.48,2
19/08/2019,0,0,0,0,0,26,249.44,2
20/08/2019,0,0,0,0,0,26.85,249.4,2
21/08/2019,0,0,0,0,0,25.7,249.36,2.5
22/08/2019,5.6,18.8,2.4,5,6.6,23.9,249.32,2.5
23/08/2019,0.2,0,0,0,0,24.9,249.27,2.5
24/08/2019,7.4,1.8,0,9.4,6.8,25.1,249.21,2
25/08/2019,0,0.4,0.2,2.6,3.8,24.65,249.15,2
26/08/2019,0.6,0,0,0,0.2,24.6,249.13,2
27/08/2019,0.2,0,0,0,0,24.8,249.11,2
28/08/2019,0,0,10.6,0,0,24.15,249.07,2
29/08/2019,0,0,0,0,0,25.65,249.01,2
30/08/2019,3.6,27.2,0,23,13,25.5,248.99,2
31/08/2019,0,0,0.2,0,0,23.75,248.94,2
01/09/2019,4.6,1.2,2.8,3,0.6,22.8,248.91,2
02/09/2019,0.2,0,0,0,0,21.15,248.86,2
03/09/2019,0,0,0,0,0,21.55,248.82,2
04/09/2019,0,0,0,0,0,21,248.74,2
05/09/2019,0,0,3,0,1.6,18.25,248.69,2
06/09/2019,0.2,0,0.4,0,0.2,19.2,248.66,2
07/09/2019,19.8,29.2,15.6,10,9.6,16.8,248.64,2
08/09/2019,0,0,0,0,0,17.7,248.6,2
09/09/2019,0,0,0,0,0,18.1,248.58,1.5
10/09/2019,0,0,0,0,0,20.8,248.55,1.5
11/09/2019,0,0,0,0,0,22.05,248.52,1.5
12/09/2019,0,0,0,0,0,23.45,248.48,1
13/09/2019,0,0,0,0,0,24,248.45,1
14/09/2019,0,0,0,0,0,23.85,248.44,1
15/09/2019,0,0,0,0,0,22.2,248.43,1
16/09/2019,0,0,0,0,0,20.3,248.42,1
17/09/2019,0,0,0,0,0,20.4,248.41,1
18/09/2019,0,0.2,0,0,0,18.2,248.39,1
19/09/2019,0,0,0,0,0,17.5,248.36,1
20/09/2019,0,0,0,0,0,18.45,248.33,1
21/09/2019,11.4,17.2,14.8,2.6,12.8,15.25,248.3,1
22/09/2019,57.4,23.8,23.2,23.8,50,16.2,248.27,1
23/09/2019,0,0,0,0,0,17.6,248.24,0.6
24/09/2019,28,13,16.8,21.8,30.4,16.45,248.25,0.6
25/09/2019,0,0,0,0,0,19.6,248.25,0.6
26/09/2019,0,0.2,0,0,0,16.85,248.29,0.6
27/09/2019,0,0.6,0.2,0,0,18.85,248.28,0.6
28/09/2019,0.2,0,0.2,0,0,17.65,248.28,0.6
29/09/2019,0,0,0.6,0,0.8,19.25,248.28,0.6
30/09/2019,0,0,0,0,0,19.05,248.28,0.6
01/10/2019,20.8,22.4,18.6,24,26.2,16.8,248.28,0.6
02/10/2019,0,0.2,0.4,0,0,13.15,248.27,0.6
03/10/2019,0,0,0,0,0,13.4,248.26,0.6
04/10/2019,2,1,1.4,1.6,2.4,15.15,248.24,1
05/10/2019,0.2,0.2,0.2,0,0,15.95,248.22,1
06/10/2019,5,4.2,3.4,3.2,3.4,14.25,248.2,1
07/10/2019,0,0,0,0,0,16.5,248.17,1
08/10/2019,1.2,8.6,1.6,3,1.2,13.45,248.14,1
09/10/2019,3,1.8,2.8,3,5.4,15.75,248.13,1
10/10/2019,0,0,0,0,0,15.95,248.12,1
11/10/2019,0.2,0,0.2,0,0,15.75,248.1,1
12/10/2019,0,0,0,0,0,16.05,248.08,1
13/10/2019,0.4,0,0,0,0,16.55,248.06,1
14/10/2019,19.6,17.8,20.4,20,18,16.45,248.05,1
15/10/2019,0,1.8,0,0.2,0,14.95,248.04,1
16/10/2019,0,0,0,0,0,14.2,248.02,1
17/10/2019,0,0.2,0.2,0,0,14.6,248.01,1
18/10/2019,0.2,1,0,0,0.2,16.1,248,1
19/10/2019,0,0,0,0,0,15.45,247.98,1
20/10/2019,0,0,0,0,0,19.45,247.96,1
21/10/2019,0,0,0,0,0,19.25,247.93,1
22/10/2019,0.2,0,0.2,0,0,18.35,247.93,1
23/10/2019,12.4,12.4,11.2,11.2,13,13.85,247.92,1
24/10/2019,0.4,0.2,0.2,0.2,0.2,15.8,247.91,1
25/10/2019,0,0,0,0,0,19.15,247.89,1
26/10/2019,0.2,0,0.2,0.2,0,16.95,247.88,1
27/10/2019,0.2,0,0.2,0,0.2,12.85,247.86,1
28/10/2019,5.6,3.6,16,16.4,6.2,15.3,247.84,1
29/10/2019,1,1.4,1,0.4,0.4,14.7,247.83,1
30/10/2019,0.6,1.4,0.2,0.4,5.2,11.5,247.81,1
31/10/2019,0,0,0,0.2,0,11.2,247.79,1
01/11/2019,18.6,28,23.8,44.6,33.8,12.15,247.76,1
02/11/2019,33.4,37.2,28,24.2,32,14.8,247.75,1
03/11/2019,4.2,7,2.2,2.8,3.4,13.4,247.84,1
04/11/2019,23,24.4,19,16.6,20.6,14,247.98,1
05/11/2019,15,8.8,11.8,13.8,17.4,9.8,248.01,1
06/11/2019,0,0,0,0,0,10,248.1,1
07/11/2019,39.8,47.6,39.4,41.6,49.2,8.7,248.16,1
08/11/2019,2,2.4,1.4,2.2,2.6,7.6,248.2,1
09/11/2019,0.2,0,0.2,0.2,0.4,8.15,248.59,1
10/11/2019,8.4,9,6.2,8.2,8.2,10.05,248.65,1
11/11/2019,20.8,17.8,18.2,17.6,20.8,8.55,248.68,1
12/11/2019,6.6,4.8,3.8,5,6.2,8.65,248.71,1
13/11/2019,0.2,0,0.2,0.2,0.4,7.7,248.85,1
14/11/2019,32.6,43.4,27.2,34.4,32.4,10.1,248.95,1
15/11/2019,31.2,26.8,30,31.6,34.8,7.4,248.96,1
16/11/2019,64.4,59.6,57.8,59,56.6,8.35,249.45,4.87
17/11/2019,20,36.4,21,25.8,24,8.25,250.73,6.27
18/11/2019,8.4,23.2,10.4,10.8,9.2,9.7,251.12,25
19/11/2019,0.4,0,0.4,0.2,0.2,10.6,251.14,25
20/11/2019,1,2,2.4,4.8,5.8,9.2,251.02,25
21/11/2019,0,0.4,0.2,0.2,0,6.95,250.8,25
22/11/2019,6.8,14,4.4,8.4,7,11,250.55,16
23/11/2019,1.8,6.8,2.6,4.8,4,12.35,250.4,10.66
24/11/2019,0.2,1,1.4,0.2,0.6,12.3,250.29,10.69
25/11/2019,0,0,0,0,0,9.25,250.18,10.13
26/11/2019,34,21.4,17.6,29,28.2,11.2,250.13,8.91
27/11/2019,9.6,9.2,5.4,9.4,6.8,12,250.08,8.15
28/11/2019,1.4,1.8,0.8,5.6,3.4,10.65,250.25,10.65
29/11/2019,0,0.2,0,0,0.2,9.55,250.32,11.1
30/11/2019,1.4,9.6,2.2,8.2,4.4,7.55,250.26,10.17
01/12/2019,31.8,58.4,46.2,42.8,35.2,10.05,250.17,9.58
02/12/2019,0,0,0,0,0,7.25,250.08,13.01
03/12/2019,0,0,0,0,0,5.7,250.67,19.33
04/12/2019,0,0,0,0,0,6.4,250.52,15.78
05/12/2019,2.2,0.8,0.4,0,0.2,6,250.36,12.05
06/12/2019,2,0.8,0.2,0,1.8,9.3,250.25,10.91
07/12/2019,0,0,0,0,0.2,10.7,250.16,9.31
08/12/2019,10.8,12.2,12.4,6.8,13,8.55,250.04,7.1
09/12/2019,0,0,0,0,0,8.2,249.97,7.1
10/12/2019,0,0,0.2,0,0,4.3,249.95,7.1
11/12/2019,6.6,5.2,4.8,6.6,3,-0.35,249.88,7.1
12/12/2019,30.4,34.8,25.2,39,47.4,1.8,249.83,7.1
13/12/2019,0.2,1.2,0,0.8,0.6,4,249.75,7.1
14/12/2019,0.4,4.2,0,0.4,1.4,10.15,250.17,7.1
15/12/2019,0.2,2.4,0,0.4,0.6,11.85,250.12,7.1
16/12/2019,0,0.2,0,0,0,12.05,250.12,9.1
17/12/2019,0,0,0,0,0,10.7,250.09,8.1
18/12/2019,0,0,0,0,0,11.4,250.02,7.56
19/12/2019,23,29.2,7.6,23,17,9.5,249.94,7.2
20/12/2019,31.8,28.4,20,32.8,22.4,10.65,249.87,7.2
21/12/2019,34.8,36.8,30.6,39.8,39.6,8.5,250.11,11.63
22/12/2019,0,0.2,0,0,0,9.95,251.14,30.99
23/12/2019,0.2,0,0,0,0,7.95,251.09,28.47
24/12/2019,0,0,0,0,0.2,9,250.8,21.18
25/12/2019,0.2,0,0,0.2,0,9.25,250.6,15.83
26/12/2019,0.2,0,0,0,0,5.45,250.44,12.65
27/12/2019,0,0,0,0,0,7.2,250.32,11.14
28/12/2019,0,0,0,0,0,5.2,250.21,9.9
29/12/2019,0,0,0,0,0,4.2,250.13,8.75
30/12/2019,0.2,0,0,0,0,4.3,250.04,7.42
31/12/2019,0,0,0,0,0,5.8,249.94,7.2
01/01/2020,0,0,0,0,0,7.05,249.92,7.2
02/01/2020,0.2,0,0,0,0,4.7,249.86,7.2
03/01/2020,0,0,0,0,0.4,8.25,249.75,7.2
04/01/2020,0,0,0,0,0,6.5,249.66,7.2
05/01/2020,0.2,0,0,0,0,5.9,249.56,7.2
06/01/2020,0,0,0,0,0,3.45,249.44,7.2
07/01/2020,0.2,0,0,0,0,8.75,249.33,7.2
08/01/2020,0,0,0,0,0,5.45,249.23,2
09/01/2020,0,0,0,0,0,6.6,249.22,2
10/01/2020,0,0,0,0,0,8.25,249.21,2
11/01/2020,0,0,0,0,0,7.95,249.2,2
12/01/2020,0.2,0,0,0,0,4.65,249.18,2
13/01/2020,0,0,0,0,0,3.6,249.15,1.5
14/01/2020,0.2,0.2,0,0,0.8,6.45,249.15,1.5
15/01/2020,0,0,0,0,0,8,249.15,1.5
16/01/2020,0.6,1.4,0.2,0.6,1,5,249.15,1.5
17/01/2020,16,13.2,16.4,10,15.8,5.8,249.15,1.5
18/01/2020,0,0.6,0.4,0,0,6.25,249.16,1.5
19/01/2020,0,0,0,0,0,5.75,249.15,1.5
20/01/2020,0,0,0,0,0,5,249.15,1.5
21/01/2020,0,0,0,0,0,6.25,249.15,1.5
22/01/2020,0,0,0,0,0,8.3,249.15,1.5
23/01/2020,1.4,0.4,1,2,2.6,6.1,249.15,1.5
24/01/2020,13,13.8,9,14.4,15.4,6.1,249.15,1.5
25/01/2020,2,0.2,3.4,3.8,0.4,8.05,249.15,1.5
26/01/2020,0.8,0.8,0.2,0.4,1.4,6.8,249.16,1.5
27/01/2020,3,17.6,2.6,2.6,3.2,9.4,249.18,1.5
28/01/2020,0,0,0,0,0,9.85,249.18,1.5
29/01/2020,0,0.6,0,0.6,1.2,9,249.21,1.5
30/01/2020,9.2,8.2,6.6,6.8,10.2,8.8,249.24,1.5
31/01/2020,10.8,13.6,6.6,7,14.2,10.5,249.3,1.5
01/02/2020,0,0,0,0,0,11.2,249.36,1.5
02/02/2020,0.8,0.2,0.4,0,1,11.1,249.57,1.5
03/02/2020,0,0.2,0,0,0,10.05,249.69,1.5
04/02/2020,0,0,0,0,0,8.05,249.75,1.5
05/02/2020,0,0,0,0,0,7,249.78,1.5
06/02/2020,0,0,0,0,0,4.55,249.78,1.5
07/02/2020,0,0,0,0,0,5.85,249.83,1.5
08/02/2020,0,0,0,0,0,5.15,249.83,1.5
09/02/2020,3.4,15.2,2.4,3.2,3.6,9.5,249.85,1.5
10/02/2020,0,0,0,0,0,11.85,249.85,1.5
11/02/2020,0,0.2,0,0,0,9.75,249.9,1.5
12/02/2020,1.4,7.6,3,1.4,1,6.65,249.93,1.5
13/02/2020,13.6,15.8,16,25.8,7.2,10.6,249.95,1.5
14/02/2020,0,0,0,0,0,9,250.13,1.5
15/02/2020,0,0,0,0,0,8.1,250.27,1.5
16/02/2020,0.2,0.6,0,0,0,8.4,250.31,1.5
17/02/2020,2.8,4,3.4,3,6.8,9.1,250.32,1.5
18/02/2020,0.2,0,0.2,0,0.2,8.9,250.36,1.5
19/02/2020,0,0,0,0,0.2,7.7,250.39,1.5
20/02/2020,0,0,0,0,0,7.35,250.4,1.5
21/02/2020,0,0,0,0,0,10.8,250.41,1.5
22/02/2020,0,0,0,0,0,9.05,250.42,1.5
23/02/2020,0,0,0,0,0,9.25,250.43,1.5
24/02/2020,0,0.6,0,0,0,11,250.43,1.5
25/02/2020,8,7.6,13,7,6.4,6.15,250.41,1.5
26/02/2020,11.4,16.4,9.8,16.8,23.2,4,250.4,1.5
27/02/2020,1,0.2,0.2,0.2,1.2,8.2,250.44,1.5
28/02/2020,0,0,0,0,0,5.8,250.58,1.5
29/02/2020,19.6,26,15.4,30.4,22.4,9.75,250.65,1.5
01/03/2020,59.2,47,29.2,39,34.2,10.2,250.66,1.5
02/03/2020,20.2,16.8,17.6,22.4,22.8,5.9,251.04,7.51
03/03/2020,0,0.2,0,0,0.2,5.65,252,30.3
04/03/2020,13.6,20.8,14.6,22.8,23.2,4.4,252.01,29.02
05/03/2020,17.2,12.8,11.4,10.2,10.6,8.2,251.73,20.86
06/03/2020,0.6,1,1,1,1,7.35,251.81,22.59
07/03/2020,0,0,0,0,0,8.8,251.68,18.98
08/03/2020,0.4,0.8,0.4,0.4,1,6.1,251.48,14.55
09/03/2020,0,0,0,0,0,10.35,251.37,12.4
10/03/2020,0,0,0,0,0,10.1,251.28,10.75
11/03/2020,1.4,1,1,2.2,3.8,8.25,251.19,9.22
12/03/2020,0.2,1,0.2,0,0,10.75,251.12,8.07
13/03/2020,0,0.2,0,0,0,9.75,251.04,7.46
14/03/2020,0,0,0,0,0,9.35,250.97,7.3
15/03/2020,0,0,0,0,0,11.5,250.83,4.2
16/03/2020,0,0,0,0,0,12,250.87,2
17/03/2020,0,0,0,0,0,12.55,250.87,2
18/03/2020,0,0,0,0,0,16.6,250.87,2
19/03/2020,0,0,0,0,0,12.35,250.87,2
20/03/2020,0,0,0,0,0,12.9,250.86,2
21/03/2020,0,0,0,0,0,9.1,250.86,2
22/03/2020,0,0,0,0,0,4.1,250.82,1
23/03/2020,0.6,0,0,0,0,3.8,250.82,0.6
24/03/2020,5.6,3,7.8,1,1,1.6,250.83,0.6
25/03/2020,0,1.6,1,0,0,2.5,250.85,0.6
26/03/2020,0,2,0.2,0,0.6,5.45,250.87,0.6
27/03/2020,0,0,0,0,0,11.2,250.88,0.6
28/03/2020,4.6,0,0,0,0,10.7,250.9,0.6
29/03/2020,11.6,3.6,4.2,0.8,0,10.15,250.89,0.6
30/03/2020,0,0.6,0,0,0,5.2,250.88,0.6
31/03/2020,0,0,0,0,0,5.5,250.87,0.6
01/04/2020,0,0,0,0,0,8,250.88,0.6
02/04/2020,0,0,0,0,0,8.7,250.89,0.6
03/04/2020,0,0,0,0,0,12.15,250.92,0.6
04/04/2020,0,0,0,0,0,12.55,250.9,0.6
05/04/2020,0,0,0,0,0,14.9,250.9,0.6
06/04/2020,0,0,0,0,0,15.7,250.92,0.6
07/04/2020,0,0,0,0,0,16.6,250.94,0.6
08/04/2020,0,0,0,0,0,15.65,250.94,0.6
09/04/2020,0,0,0,0,0,15.8,250.95,0.6
10/04/2020,0,0,0,0,0,15.4,250.96,0.6
11/04/2020,0,0,0,0,0,14.15,250.96,0.6
12/04/2020,0,0,0,0.2,0.2,13.25,250.96,0.6
13/04/2020,0.8,0.2,0.4,0.8,1.2,13.2,250.94,0.6
14/04/2020,0,0,0,0,0,10.3,250.94,0.6
15/04/2020,0,0,0,0,0,12.2,250.94,0.6
16/04/2020,0,0,0,0,0,12.45,250.94,0.6
17/04/2020,0,0,0,0,0,14.05,250.94,0.6
18/04/2020,1.4,0.4,0.4,1,0.2,16.05,250.94,0.6
19/04/2020,13.2,17.6,14.2,16.6,20.2,12.75,250.94,0.6
20/04/2020,8.4,8.6,6.4,5.6,6.4,10,250.94,0.6
21/04/2020,1.4,1.8,1.8,1.4,0.4,12.95,250.94,0.6
22/04/2020,0,0,0,0,0,14.55,250.96,0.6
23/04/2020,0,0,0,0,0,13.75,250.98,0.6
24/04/2020,0,0,0,0,0,13.4,250.98,0.6
25/04/2020,0,0,0,0,0,13.65,250.98,0.6
26/04/2020,0,0,0,0,0,14.4,250.98,0.6
27/04/2020,19,22.6,10.6,10.8,12.2,12.35,250.98,0.6
28/04/2020,5.6,6.4,6.2,4.8,8.4,14.1,250.98,0.6
29/04/2020,0,0,0,0,0,14.55,250.99,0.6
30/04/2020,3,3.4,2.8,2.4,6.8,14.7,251,0.6
01/05/2020,0.6,0,0.6,0.2,0.8,16.55,251.01,0.6
02/05/2020,0,0,0,0,0,16,251.02,0.6
03/05/2020,0,0,0,0,0,15.3,251.03,0.6
04/05/2020,0,0,0,0,0,14,251.05,0.6
05/05/2020,0,0,0,0,0,15.75,251.06,0.6
06/05/2020,0,0,0,0,0,17.5,251.09,0.6
07/05/2020,0,0,0,0,0,16.7,251.11,0.6
08/05/2020,0,0,0,0,0,16.4,251.11,0.6
09/05/2020,0,0,0,0,0,18.15,251.11,0.6
10/05/2020,6.4,12.4,8.2,13.8,15.2,14,251.12,0.6
11/05/2020,11.6,6.8,4,5,14.2,15.4,251.12,0.6
12/05/2020,0.2,0,0,0,0,16.75,251.13,0.6
13/05/2020,0,0,0.2,0,0,19.7,251.11,0.6
14/05/2020,4.8,3.6,2,2.6,7,15.8,251.08,0.6
15/05/2020,0,0,0,0,0,15.95,251.06,0.6
16/05/2020,1,0,0.8,0,0,19.55,251.04,0.6
17/05/2020,7.4,4.2,5.4,3.2,2.6,18.9,251.03,0.6
18/05/2020,13.4,25.4,9.2,10.6,9.8,16.95,251.02,0.6
19/05/2020,5.8,15.4,4.4,9.4,11.6,16.2,251.05,0.6
20/05/2020,0,0,0,0,0,19.1,251.06,0.6
21/05/2020,0,0,0,0,0,18.3,251.05,0.6
22/05/2020,0,0,0,0,0,18.5,251.05,0.6
23/05/2020,0.6,0,0,0,0.2,19.4,251.04,0.6
24/05/2020,0,0,0,0,0,20.05,251.03,0.6
25/05/2020,0,0,0,0,0,18.55,251.02,0.6
26/05/2020,0,0,0,0,0,17,251,0.6
27/05/2020,0,0,0,0,0,15.35,251,0.6
28/05/2020,17.2,16.4,19,15.2,14.6,13,250.98,0.6
29/05/2020,0,0,0,0,0,15.8,250.98,0.6
30/05/2020,0,0.2,0,0,0.4,15.45,250.99,0.6
31/05/2020,0,0,0,0,0,17.4,250.99,0.6
01/06/2020,0,0,0,0,0,17.55,251,0.6
02/06/2020,0,0,0,0,0,17.05,251,0.6
03/06/2020,6.4,26.8,6.6,14.6,7.8,16.2,251.01,0.6
04/06/2020,1.8,0.8,2,4,3.2,18.15,251.01,0.6
05/06/2020,0,0,0,0,0,17.9,251.01,0.6
06/06/2020,4.4,0.8,2.8,0.2,0.2,18.25,251,0.6
07/06/2020,1.6,1.6,2.4,1.2,0.4,17.45,250.99,0.6
08/06/2020,0.6,0,8.6,0.2,0,17.25,250.98,0.6
09/06/2020,6.6,0.2,0.2,0.6,0.6,15.5,250.97,0.6
10/06/2020,0,1.2,1.6,0.2,0,15.4,250.96,0.6
11/06/2020,0,0.2,0,0,0,17.1,250.95,0.6
12/06/2020,16,8,8,15,19.8,18.45,250.94,0.6
13/06/2020,0.4,0.6,1,2.2,2.4,16.7,250.94,0.6
14/06/2020,16.6,5.2,6.8,23.2,6.2,18,250.93,0.6
15/06/2020,2.8,2.2,11.2,0.4,6.6,18.15,250.92,0.6
16/06/2020,3.2,1.8,1,2.4,8.6,18.15,250.92,0.6
17/06/2020,0,0,0,0,0,17.9,250.91,0.6
18/06/2020,0,0,0,0,0,17.65,250.93,0.6
19/06/2020,0,0,0,0,0,18.8,250.92,0.6
20/06/2020,0,0,0,0,0,20,250.9,0.6
21/06/2020,0,0,0,0,0,21.95,250.88,0.6
22/06/2020,0,0,0,0,0,23.05,250.86,0.6
23/06/2020,0,0,0,0,0,22.5,250.86,0.6
24/06/2020,0,0,0,0,0,22.15,250.86,0.6
25/06/2020,0,0,0,0,0,22.35,250.87,0.6
26/06/2020,0,0,0,0,0,22.5,250.85,0.6
27/06/2020,0,0,0,0,0,23.4,250.84,0.6
28/06/2020,0,0,0,0,0,21.5,250.83,0.6
29/06/2020,0,0,0,0,0,23.2,250.82,0.6
30/06/2020,0,0,0,0,0,22.75,250.8,0.6